Collection_ID,Slide_ID,Gen,Clade,Morph,a3_length,a4_length,a5_length,abdomen_width,antenna_length,body_length,body_width,cauda_length,cauda_width,compound_eye_width,forewing_length,hindwing_length,metafemur_length,metatarsomere_length,metatibia_length,n_a3_sensoria,n_a3_setae,n_a4_sensoria,n_a4_setae,n_a5_sensoria,n_a5_setae,n_antennal_segments,n_apical_antenna_setae,n_apical_head_setae,n_bilobed_anal_plate_setae,n_cauda_long_setae,n_cauda_short_setae,n_genital_plate_setae,n_hindwing_hooklets,n_metacoxa_setae,n_metafemur_setae,n_metatarsus_1_setae,n_metatarsus_2_setae,n_metatibia_apical_setae,n_metatibia_setae,n_pedicel_setae,n_rostrum_2_setae,n_scape_setae,n_urs_secondary_setae,pedicel_length,protibia_length,rostrum_length,thorax_width,urs_length,urs_width
25-74,I-H-09,1,H,aptera,0.047228131,0.038034667,NA,NA,0.161528241,1.805713187,1.623232294,NA,NA,NA,NA,NA,0.232728668,0.059335856,0.224383766,NA,0,NA,0,NA,NA,3,4,6,NA,NA,NA,NA,NA,4,6,1,3,6,4,NA,NA,2,4,0.040871999,NA,NA,NA,0.06715452,0.033422529
25-75,I-H-03,1,H,aptera,0.063976727,0.043199735,NA,NA,0.181892003,2.101882574,1.998654791,0.027460839,0.045036483,NA,NA,NA,0.228481387,0.052734726,0.219323981,NA,0,NA,0,NA,NA,3.5,3,6,13,2,4,14,NA,5,4,2,NA,6,5,NA,6,2,3,0.043513431,NA,NA,NA,0.062131257,0.040236663
25-76,I-H-04,1,H,aptera,0.06314077,0.046567918,NA,NA,0.192347937,2.033464016,NA,0.078372602,0.042353326,NA,NA,NA,0.237149604,0.055390253,0.241648236,NA,0,NA,0,NA,NA,3.5,3,6,13,2,5,14,NA,5,4,1,4,4,4,NA,NA,1,3,0.043134666,NA,0.27035722,NA,0.060366309,0.045775597
25-77,I-H-05,1,H,aptera,0.046190714,0.036578364,NA,NA,0.143820588,1.722474375,1.579043692,0.022843096,0.039236194,NA,NA,NA,0.224109638,0.048384105,0.2263081,NA,0,NA,0,NA,NA,3,5,6,14,2,2,13,NA,4,4,2,3,6,4,NA,NA,1,4,0.041821001,NA,0.264779297,NA,0.067371614,0.046037941
25-78,I-H-06,1,H,aptera,0.054618238,0.050744687,NA,NA,0.166138945,NA,NA,0.03471786,0.046472782,NA,NA,NA,0.24635822,0.060465536,0.246422838,NA,0,NA,1,NA,NA,3,2,6,14,2,2,13,NA,5,5,NA,3,5,4,NA,NA,2,5,0.043147236,NA,0.277759775,NA,0.070277709,0.043676118
25-80,I-H-07,1,H,aptera,0.041295182,0.052319242,NA,NA,0.176761487,2.123764546,1.650739343,0.034569347,0.050758208,NA,NA,NA,0.2630603,0.065219359,0.236683878,NA,0,NA,1,NA,NA,3,3,6,13,2,4,16,NA,5,5,2,3,5,5,NA,6,1,4,0.041274821,NA,0.348644237,NA,0.060830195,0.050448742
25-82,I-H-08,1,H,aptera,0.043808062,0.039084142,NA,NA,0.170567431,2.134563286,1.960719499,0.034189427,0.051168726,NA,NA,NA,0.251430593,0.053960996,0.272272679,NA,0,NA,0,NA,NA,3,2,6,17,2,3,16,NA,4,6,2,3,6,2,NA,6,2,4,0.049114827,NA,0.322463835,NA,0.071662666,0.052112597
"DS: Davis, WV",I-WV-01,1,NA,aptera,0.060662773,0.037510617,NA,NA,0.164452783,1.872376423,1.710468114,0.023534575,0.033311932,NA,NA,NA,0.243488203,0.060881237,0.249330908,NA,1,NA,NA,NA,NA,3,3,2,12,2,2,15,NA,5,6,0,3,3,1,NA,3,2,2,0.045985471,NA,0.317134788,NA,0.071347634,0.05026752
"CvD: '87 #6; GWNF, VA",GWNF-87 #6,1,NA,aptera,0.066335452,0.046354624,NA,NA,0.193577276,NA,2.2024534,0.037155961,0.046138805,NA,NA,NA,0.262504483,0.059181951,0.265543431,NA,0,NA,0,NA,NA,3,3,5,16,2,2,13,NA,4,3,0,3,5,6,NA,NA,2,NA,0.045164131,NA,0.327493567,NA,0.071726458,0.051432306
"CvD: '87 #7; GWNF, VA",GWNF-87 #7,1,NA,aptera,0.09401337,0.031837613,NA,NA,0.182874135,2.729744611,2.183965219,0.033329973,0.044028315,NA,NA,NA,0.271167125,0.055827119,0.265048181,NA,0,NA,1,NA,NA,3,3,6,16,2,3,16,NA,5,5,0,4,6,7,NA,6,2,6,0.045266425,NA,NA,NA,0.076656933,0.054290801
"CvD: '88 #1; GWNF, VA",I-H-01,1,NA,aptera,0.053262003,0.042394258,NA,NA,0.175157793,2.144414157,1.999172072,0.036881888,0.056186566,NA,NA,NA,0.236203172,0.059022253,0.236569467,NA,0,NA,0,NA,NA,3,4,4,14,2,6,18,NA,4,2,0,3,6,2,NA,2,2,4,0.043750171,NA,0.297531101,NA,0.059397367,0.04910343
"CvD: '88 #2; GWNF, VA",I-H-02,1,NA,aptera,0.055044844,0.043006331,NA,NA,0.172174833,2.182792037,2.040221192,0.033350095,0.045428084,NA,NA,NA,0.230205715,0.058582447,0.218786281,NA,0,NA,0,NA,NA,4,3,4,14,2,2,11,NA,5,3,0,5,5,2,NA,2,2,5,0.045084024,NA,NA,NA,0.07395315,0.038895492
23-105a,I-L-01,1,L,aptera,0.037954639,0.041573186,NA,NA,0.136362545,2.13568097,1.859576958,0.028846266,0.042775873,NA,NA,NA,0.2551412,0.055921186,0.230402876,NA,1,NA,2,NA,NA,4,3,2,17,2,2,13,NA,6,6,1,2,3,7,NA,NA,2,NA,0.047458192,NA,NA,NA,0.046573377,0.043855816
23-105b,I-L-02,1,L,aptera,0.055676988,0.038908863,NA,NA,0.171544802,1.930261006,1.793952983,0.026424637,0.052067041,NA,NA,NA,0.236005274,0.057134784,0.227050633,NA,0,NA,3,NA,NA,4,3,4,15,2,3,13,NA,2,5,1,1,5,4,NA,4,2,2,0.03757222,NA,0.288646951,NA,0.052193771,0.04176219
23-113,I-L-06,1,L,aptera,0.06740242,0.03942075,NA,NA,0.19167463,2.31694219,2.28801941,0.02308153,0.03742099,NA,NA,NA,0.24967262,0.05514657,0.23936511,NA,0,NA,NA,NA,NA,4,3,2,14,2,NA,15,NA,5,9,1,2,5,7,NA,NA,2,2,0.04530829,NA,0.22482882,NA,0.06371793,0.04993289
23-116,I-L-07,1,L,aptera,0.055216874,0.040252017,NA,NA,0.187511795,2.468573045,2.267486787,0.021381041,0.032926281,NA,NA,NA,0.241069761,0.050168085,0.228049211,NA,0,NA,0,NA,NA,4,3,2,13,2,3,11,NA,4,5,1,2,4,5,NA,2,2,2,0.041045684,NA,0.275801248,NA,0.072994034,0.044053856
23-128,I-L-08,1,L,aptera,0.04458446,0.044925844,NA,NA,0.178255401,2.252582797,1.95342728,0.034726805,0.05771094,NA,NA,NA,0.252271446,0.066067625,0.250046713,NA,0,NA,0,NA,NA,3,3,2,15,2,4,16,NA,5,2,1,2,4,5,NA,6,2,2,0.048791113,NA,0.3296927,NA,0.060133141,0.049834328
23-20,I-L-03,1,L,aptera,0.061705637,0.045563916,NA,NA,0.181183215,2.13236631,1.953040272,0.040652588,0.071172549,NA,NA,NA,0.243891155,0.057442369,0.268752183,NA,0,NA,1,NA,NA,4,2,2,17,2,4,13,NA,5,3,NA,NA,2,6,NA,3,2,2,0.048224655,NA,0.306649513,NA,0.074851781,0.04543927
23-30,I-L-09,1,L,aptera,0.060602011,0.056990549,NA,NA,0.198150287,2.248133051,2.093251594,0.034663332,0.060478022,NA,NA,NA,0.2619359,0.056964318,0.247918009,NA,0,NA,0,NA,NA,4,3,2,17,2,4,14,NA,5,9,1,4,6,5,NA,NA,2,2,0.040436787,NA,0.262821257,NA,0.06675115,0.041403058
23-53,I-L-05,1,L,aptera,0.048829512,0.036425913,NA,NA,0.172981127,2.044010143,1.893507506,0.032923271,0.040305928,NA,NA,NA,0.23853131,NA,NA,NA,0,NA,1,NA,NA,4,3,NA,15,2,4,13,NA,6,NA,NA,NA,NA,NA,NA,NA,1,2,0.042864023,NA,0.247800939,NA,0.064700284,0.047917767
23-82,I-L-04,1,L,aptera,0.061884474,0.038846042,NA,NA,0.172049628,2.17129818,1.812642089,0.028306747,0.044829226,NA,NA,NA,0.247694075,0.060520467,0.242570531,NA,0,NA,NA,NA,NA,3,4,NA,11,2,5,13,NA,5,8,1,2,5,9,NA,NA,2,2,0.041662353,NA,NA,NA,0.068484957,0.045767169
23-83,I-L-10,1,L,aptera,0.061688549,0.05222574,NA,NA,0.200591433,2.388998943,2.123503483,0.021502684,0.049346324,NA,NA,NA,0.273353325,0.058515394,0.25000702,NA,0,NA,1,NA,NA,3,3,2,14,2,3,18,NA,4,3,1,1,5,6,NA,6,2,2,0.054616962,NA,0.351321038,NA,0.071906929,0.052015965
23-06a,I-N-01,1,N,aptera,0.060349274,0.026209198,NA,NA,0.162266694,2.030479969,1.798357599,0.032922666,0.054639588,NA,NA,NA,0.247654973,0.067471447,0.236596033,NA,0,NA,0,NA,NA,3,3,2,15,2,4,17,NA,5,5,2,4,5,7,NA,2,2,3,0.037198202,NA,NA,NA,0.055936117,0.051145457
23-06b,I-N-02,1,N,aptera,0.05786142,0.052398858,NA,NA,0.177738908,2.207495302,1.828862239,0.033289472,0.046659937,NA,NA,NA,0.26855099,0.072853945,0.257223318,NA,0,NA,NA,NA,NA,4,3,2,16,2,4,16,NA,4,6,1,4,5,7,NA,5,1,2,0.036580243,NA,NA,NA,0.071365513,0.044484703
23-06c,I-N-03,1,N,aptera,0.05211308,0.047044353,NA,NA,0.18265665,2.245442439,1.906852482,0.043491806,0.055582853,NA,NA,NA,0.280844565,0.074594293,0.266355229,NA,0,NA,0,NA,NA,3,3,NA,15,2,4,14,NA,4,7,1,5,6,8,NA,NA,2,2,0.045131976,NA,NA,NA,0.087551693,0.05309236
23-06d,I-N-04,1,N,aptera,0.067306192,0.049028298,NA,NA,0.199372691,2.011676285,1.728384147,0.02917579,0.054209439,NA,NA,NA,0.245097282,0.069833296,0.240157565,NA,0,NA,0,NA,NA,4,3,NA,15,2,3,15,NA,4,5,2,4,5,4,NA,NA,2,3,0.041893898,NA,NA,NA,0.063247477,0.048041735
23-06e,I-N-05,1,N,aptera,0.058460429,0.052051855,NA,NA,0.16896319,2.036620963,1.743851153,0.045810333,0.04397352,NA,NA,NA,0.255804968,0.076416851,0.23480749,NA,0,NA,0,NA,NA,4,3,NA,14,2,4,14,NA,4,6,2,5,6,6,NA,5,2,3,0.044156092,NA,NA,NA,0.07328225,0.04800674
23-07,I-N-11,1,N,aptera,0.070627481,0.041308324,NA,NA,0.21292942,2.455574698,1.913619304,0.051468267,0.064802892,NA,NA,NA,0.309129023,0.071113322,0.314515871,NA,0,NA,0,NA,NA,3,2,7,17,2,5,17,NA,4,5,2,4,6,9,NA,6,2,5,0.050256115,NA,0.317689586,NA,0.05758457,0.083798878
24-69,I-N-14,1,N,aptera,0.070040302,0.041791214,NA,NA,0.203633665,2.153045365,2.113431121,0.054297521,0.055567227,NA,NA,NA,0.271487661,0.064102533,0.277082997,NA,0,NA,0,NA,NA,3,3,6,15,2,5,17,NA,3,4,1,4,6,7,NA,6,2,5,0.050412858,NA,0.344657617,NA,0.080373284,0.055899093
24-70,I-N-06,1,N,aptera,0.07102418,0.043445829,NA,NA,0.187297886,2.055516783,1.334299228,0.036959817,0.052750049,NA,NA,NA,0.27453512,0.070144077,0.254250716,NA,0,NA,1,NA,NA,3,4,7,18,2,5,21,NA,6,NA,2,5,6,7,NA,6,2,5,0.046429316,NA,0.390694015,NA,0.075380918,0.049078015
24-71,I-N-07,1,N,aptera,0.073516237,0.056365738,NA,NA,0.221849874,2.372366046,2.109347308,0.050298425,0.063334515,NA,NA,NA,0.279290831,0.073702257,0.26796025,NA,0,NA,0,NA,NA,4,4,6,14,2,5,17,NA,5,4,2,4,6,7,NA,6,2,4,0.04785969,NA,0.362256875,NA,0.08358751,0.052950502
24-72,I-N-09,1,N,aptera,0.08180024,0.060621983,NA,NA,0.232768745,2.276124736,1.80539252,0.045060486,0.058064878,NA,NA,NA,0.264421261,0.065256988,0.254642005,NA,0,NA,1,NA,NA,4,3,6,19,2,5,16,NA,4,7,2,4,6,9,NA,5,2,4,0.054986496,NA,0.332614761,NA,0.076918668,0.055487361
24-74,I-N-08,1,N,aptera,0.064023989,0.040170145,NA,NA,0.196628232,2.30739559,1.963149051,0.032923271,0.040305928,NA,NA,NA,0.266434949,0.064659338,0.25613786,NA,0,NA,0,NA,NA,3,3,7,14,2,6,18,NA,6,5,1,5,6,7,NA,6,2,6,0.049760872,NA,NA,NA,0.076381333,0.052207619
24-76,I-N-13,1,N,aptera,0.076326866,0.046676625,NA,NA,0.200269071,2.257513934,1.892793422,NA,NA,NA,NA,NA,0.279853909,0.07343045,0.281882549,NA,0,NA,0,NA,NA,3.5,3,7,16,2,4,18,NA,3,3,2,4,6,6,NA,6,1,NA,0.045991351,NA,0.356312185,NA,0.065364047,0.059287804
24-78,I-N-12,1,N,aptera,0.051039919,0.034320914,NA,NA,0.163448455,2.174202795,1.824972351,NA,NA,NA,NA,NA,0.256873874,0.065800916,0.24541163,NA,0,NA,0,NA,NA,3,3,6,14,2,4,14,NA,4,7,2,4,6,6,NA,NA,2,2,0.036268682,NA,NA,NA,0.074244134,0.044537959
24-81,I-N-10,1,N,aptera,0.06940085,0.042174161,NA,NA,0.19747844,2.019766696,1.983470643,0.042260759,0.059045128,NA,NA,NA,0.278274865,0.067023864,0.273743633,NA,0,NA,1,NA,NA,4,3,6,15,2,4,19,NA,5,6,2,3,6,20,NA,NA,2,5,0.046952773,NA,NA,NA,0.086855536,0.039975704
23-124a,II-H-01,2,H,alate,0.302327498,0.149550472,0.117747783,0.860105636,NA,1.79271444,NA,0.043910103,0.059564724,0.125451524,2.407187157,1.305023504,0.414251043,0.101619481,0.502278178,29,NA,13,NA,9,NA,NA,3,NA,14,2,9,29,2,4,16,2,NA,5,38,NA,NA,NA,NA,0.056227393,0.343860414,NA,0.885120952,NA,NA
23-124b,II-H-02,2,H,alate,0.296767593,0.140469774,0.122152435,0.957878901,NA,1.964081829,NA,0.028218432,0.070018252,0.113828356,2.323282111,1.296871011,0.369807114,0.109481115,0.504619155,28,NA,14,NA,10,NA,NA,3,NA,16,2,8,30,2,4,15,3,NA,5,44,NA,NA,NA,6,0.052276494,0.354325082,0.366267453,0.852297883,0.074285792,0.0381447
23-124c,II-H-03,2,H,alate,0.298007275,0.143121776,0.117582023,0.942807517,NA,1.958285796,NA,0.028422061,0.059458303,0.10600436,2.303568192,1.350714267,0.399624729,0.075946473,0.487264839,26,NA,13,NA,10,NA,NA,4,NA,15,2,11,30,2,4,15,3,NA,6,40,NA,NA,NA,3,0.055004576,0.317209303,0.395661678,0.824954194,0.060106599,0.04116413
23-124e,II-H-04,2,H,alate,0.295829975,0.138834732,0.123370224,NA,NA,NA,NA,0.032132434,0.055067295,0.137242988,2.351181341,1.385073083,0.399159748,0.101112396,0.498379615,31,NA,14,NA,9,NA,NA,4,NA,18,2,7,28,2,4,20,NA,NA,6,40,NA,NA,NA,5,0.049628237,0.333939317,0.353995695,0.907088474,0.052327078,0.038154322
23-124f,II-H-05,2,H,alate,0.302958094,0.141790845,0.119428306,0.965988858,NA,2.127439139,NA,0.038936088,0.055993208,0.141331306,2.427448454,1.356261673,0.41520272,0.099485411,0.518458793,33,NA,11,NA,12,NA,NA,2,NA,19,2,11,38,2,5,22,2,NA,5,35,NA,NA,NA,3,0.054827113,0.340177995,0.369310726,0.919107322,0.072415193,0.042578264
23-124g,II-H-06,2,H,alate,0.285259558,0.133653282,0.102654948,0.900538394,NA,1.751492177,NA,0.042385287,0.054125878,0.107462179,2.447408543,1.438765878,0.382175177,0.090518814,0.490497334,26,NA,13,NA,9,NA,NA,3,NA,19,2,11,30,2,4,16,3,NA,5,41,NA,NA,NA,NA,0.051229114,0.314644156,NA,0.795266776,NA,NA
23-127a,II-H-11,2,H,alate,0.290214252,0.138251275,0.114022229,1.254486778,NA,2.515597811,NA,0.035387396,0.050189435,0.160636562,2.667699402,1.678905034,0.429928363,0.098447593,0.540370462,30,NA,14,NA,11,NA,NA,4,NA,21,2,8,25,2,4,24,3,NA,7,48,NA,NA,NA,6,0.048983711,0.371609637,NA,0.951173559,0.063851258,0.045296461
23-127b,II-H-12,2,H,alate,0.309310601,0.157889641,0.132883715,1.071646803,NA,2.241089432,NA,0.048193179,0.060698443,0.182363391,2.628208412,1.667895045,0.428639472,0.100923527,0.540110238,35,NA,14,NA,12,NA,NA,5,NA,18,2,8,23,2,4,20,5,NA,6,48,NA,NA,NA,6,0.049327907,0.377933915,0.331499705,0.999715696,0.069902551,0.053603853
23-127c,II-H-13,2,H,alate,0.282537296,0.15081826,0.130360171,1.044843609,NA,2.136798148,NA,0.049953464,0.05963714,0.163723411,2.626247971,1.69421065,0.406380702,0.102090098,0.520648528,28,NA,13,NA,12,NA,NA,5,NA,17,2,10,23,2,6,21,3,NA,6,42,NA,NA,NA,6,0.044080867,0.339223822,0.334435813,0.93453842,0.072530988,0.061433871
23-127d,II-H-14,2,H,alate,0.296825669,0.147868333,0.121998213,1.125128294,NA,1.805774864,NA,0.047933109,0.058657203,0.162851472,2.497885229,1.505510422,0.4152223,0.103940352,0.517983261,29,NA,13,NA,13,NA,NA,4,NA,22,2,9,25,2,5,26,3,NA,6,47,NA,NA,NA,6,0.042430076,0.361718271,0.290916859,0.894216048,0.069556318,0.048017619
23-129a,II-H-15,2,H,alate,0.306126633,0.139583603,0.12941178,0.82189847,NA,2.062603074,NA,0.045951883,0.047904536,0.121638321,2.465914917,1.542811814,0.399194616,0.108878473,0.500191229,30,NA,11,NA,12,NA,NA,5,NA,17,2,6,24,2,4,22,3,NA,6,41,NA,NA,NA,6,0.042372117,0.329324499,0.401981675,0.853603294,0.073185053,0.055305207
23-129b,II-H-16,2,H,alate,0.296191781,0.131552493,0.130068022,NA,NA,NA,NA,0.047789991,0.046478342,0.152853318,2.436644155,1.495858492,0.39244881,0.105097108,0.481292806,28,NA,12,NA,12,NA,NA,5,NA,16,2,6,22,2,4,18,3,NA,6,36,NA,NA,NA,6,0.047511621,0.33453857,0.380426612,0.888660908,0.065593374,0.049498095
23-129c,II-H-17,2,H,alate,0.303675354,0.124842176,0.125894491,NA,NA,NA,NA,0.032277465,0.047647357,0.13936239,2.456938432,1.50326658,0.382317841,0.107587219,0.485027292,28,NA,10,NA,12,NA,NA,5,NA,16,2,7,24,3,3,21,3,NA,5,36,NA,NA,NA,5,0.04975298,0.334483141,0.32369197,0.898426516,0.062634098,0.048145647
23-129d,II-H-18,2,H,alate,0.299151705,0.128596634,0.12755882,0.851458943,NA,1.954117567,NA,0.034558451,0.047385435,0.139072334,2.497885229,1.520967769,0.386507341,0.09896416,0.486870932,29,NA,12,NA,11,NA,NA,4,NA,16,2,5,25,2,3,22,3,NA,6,38,NA,NA,NA,6,0.043168698,0.330564737,0.355595,0.878778975,0.072893413,0.051197603
23-129e,II-H-19,2,H,alate,0.298330541,0.131491932,0.127945048,0.961482984,NA,NA,NA,0.048313506,0.0468269,0.170407943,2.49448929,1.610387177,0.402655261,0.116607263,0.493798961,31,NA,12,NA,11,NA,NA,5,NA,16,2,6,22,2,4,20,3,NA,6,34,NA,NA,NA,6,0.053180261,0.327741272,0.360172802,0.865594578,0.081394,0.052558903
23-129f,II-H-20,2,H,alate,0.296130207,0.124162402,0.1278389,0.874462596,NA,1.70367815,NA,0.041309992,0.044773941,0.123948928,2.527720306,1.560958849,0.379981471,0.111371566,0.471868314,26,NA,12,NA,10,NA,NA,5,NA,14,2,4,22,2,5,18,3,NA,6,35,NA,NA,NA,4,0.040018084,0.314315648,0.332916609,0.819998352,0.079518611,0.05888341
24-75a,II-H-07,2,H,alate,0.275475539,0.141669102,0.113316697,0.933646256,NA,1.820882489,NA,0.028788418,0.035044625,0.161743188,2.642974454,1.590250562,0.406387136,0.105821815,0.474045209,26,NA,12,NA,11,NA,NA,4,NA,14,2,5,24,2,3,17,2,NA,3,39,NA,NA,NA,5,0.043291674,0.332186537,0.372384226,0.798933274,0.06416305,0.05340657
24-75b,II-H-08,2,H,alate,0.284779357,0.126228747,0.123141019,1.129352833,NA,2.087727759,NA,0.036926579,0.044007756,0.146808128,2.676726403,1.688052952,0.400769123,0.108984792,0.490992967,26,NA,12,NA,10,NA,NA,3,NA,15,2,4,20,3,3,15,2,NA,5,38,NA,NA,NA,6,0.040808366,0.323953175,0.339930194,0.875947824,0.070005723,0.044536615
24-75c,II-H-09,2,H,alate,0.302220264,0.136209586,0.139161166,1.104547773,NA,2.260986366,NA,0.043254918,0.050696807,0.115942408,2.641420655,1.610934176,0.420768685,0.113913059,0.498851172,24,NA,12,NA,11,NA,NA,4,NA,16,2,6,29,2,3,18,3,NA,6,40,NA,NA,NA,2,0.036341675,0.341780018,0.339524876,0.901763757,0.083480432,0.047868408
24-75d,II-H-10,2,H,alate,0.288656271,0.140889369,0.127592085,1.107830677,NA,2.162623807,NA,0.039590443,0.043523751,0.158016431,2.584513862,NA,0.404643722,0.108908837,0.490798455,24,NA,14,NA,10,NA,NA,4,NA,16,2,4,26,2,3,17,2,NA,6,43,NA,NA,NA,5,0.04148714,0.324761535,0.311259266,0.836472134,0.06738249,0.037541548
23-082,II-L-14,2,L,alate,0.248252005,0.12668462,0.102774072,0.957868442,NA,1.877554378,NA,0.03690118,0.05300141,0.134965848,2.360470051,1.469953166,0.371538255,0.096940972,0.461636608,30,NA,13,NA,9,NA,NA,3,NA,18,2,8,32,2,4,19,3,NA,6,33,NA,NA,NA,6,0.043537711,0.308352966,0.37305842,0.767613905,0.08092953,0.03740064
23-105a,II-L-07,2,L,alate,0.272057656,0.151785498,0.117307913,1.025227723,NA,1.952351601,NA,0.048546157,0.053520599,0.112586373,2.480821167,1.423072107,0.419140315,0.089050287,0.507139701,29,NA,14,NA,9,NA,NA,2,NA,18,2,8,28,2,4,22,3,NA,6,40,NA,NA,NA,NA,0.049922824,0.342641084,0.326676666,0.844120128,0.066657884,0.048917722
23-105b,II-L-08,2,L,alate,0.268806201,0.118646197,0.079090371,0.930178214,NA,1.83961369,NA,0.028422061,0.059458303,0.108147771,2.174711898,1.350714267,0.44686157,0.106701061,0.356256176,34,NA,13,NA,9,NA,NA,3,NA,16,2,9,26,2,4,16,4,NA,6,34,NA,NA,NA,6,0.044477795,0.289849782,0.348237559,0.782001232,0.072795122,0.044090741
23-113,II-L-11,2,L,alate,0.236596113,0.140934905,0.106955547,0.879756303,NA,1.934856505,NA,0.02974051,0.046358467,0.10635269,2.269656969,1.282953416,0.362533944,0.109820853,0.461767718,31,NA,14,NA,12,NA,NA,3,NA,14,2,7,23,2,4,25,2,NA,6,28,NA,NA,NA,4,0.046265932,0.302922329,0.335712182,0.798446466,0.077142843,0.03637849
23-116,II-L-13,2,L,alate,0.296423807,0.131687771,0.104864423,0.986722974,NA,1.997190139,NA,0.027453812,0.045643597,0.107525192,2.427908022,1.405387628,0.346231059,0.097164411,0.45021402,34,NA,15,NA,13,NA,NA,3,NA,16,2,6,26,2,4,14,2,NA,5,30,NA,NA,NA,6,0.046397143,0.300387778,0.384168154,0.809129789,0.078046974,0.038843312
23-128a,II-L-09,2,L,alate,0.270574239,0.143025248,0.122751015,0.992006004,NA,1.928120925,NA,0.034264975,0.059245881,0.124961173,2.477038625,1.551871677,0.375993513,0.099509113,0.483690083,36,NA,12,NA,11,NA,NA,4,NA,13,2,7,27,2,4,18,2,NA,5,34,NA,NA,NA,5,0.04604748,0.305553172,0.340279082,0.862698473,0.068192465,0.044831735
23-128b,II-L-10,2,L,alate,0.257713284,0.133159287,0.098701672,0.95112403,NA,1.857517758,NA,0.03623219,0.055763093,0.122970604,2.478045423,1.308775266,0.345175361,0.09608163,0.443960611,28,NA,15,NA,10,NA,NA,4,NA,13,2,5,25,2,4,18,2,NA,3,28,NA,NA,NA,5,0.043418179,0.317070799,0.35074304,0.803553006,0.070477746,0.039760419
23-30a,II-L-01,2,L,alate,0.270162631,0.120491805,0.09138323,1.030212753,NA,1.944024229,NA,0.021449967,0.052509807,0.119449316,2.359095357,1.377981693,0.375259262,0.116834302,0.448010403,29,NA,12,NA,10,NA,NA,5,NA,16,2,8,20,2,4,22,1,NA,5,30,NA,NA,NA,4,0.052085318,0.328300441,0.36555051,0.810212096,0.06491134,0.046452887
23-30b,II-L-02,2,L,alate,0.254376693,0.123079926,0.115327711,0.871051279,NA,1.841103042,NA,0.039781685,0.053981459,0.111966353,2.342820207,1.583447978,0.365058039,0.098550221,0.455329653,30,NA,13,NA,11,NA,NA,6,NA,14,2,8,17,2,4,26,2,NA,6,25,NA,NA,NA,6,0.049810221,0.281972253,0.350931949,0.757124975,0.069593399,0.041381005
23-30c,II-L-03,2,L,alate,0.233209228,0.136176606,0.116051096,NA,NA,NA,NA,NA,NA,0.139142882,NA,1.418057036,0.377728701,0.107130955,0.44206941,30,NA,16,NA,11,NA,NA,6,NA,19,2,6,26,2,1,20,1,NA,4,28,NA,NA,NA,NA,NA,0.317008763,NA,0.776342463,0.0612769,0.039121279
23-30d,II-L-04,2,L,alate,0.26448836,0.120723425,0.097418147,0.876331162,NA,1.767526463,NA,0.039338919,0.052256633,0.10600241,2.320562903,1.404991541,0.362658918,0.105850656,0.451883511,36,NA,14,NA,11,NA,NA,3,NA,19,2,7,32,2,3,19,2,NA,5,23,NA,NA,NA,4,0.054675389,0.300567556,0.360529252,0.765244268,0.072653026,0.037100085
23-30e,II-L-05,2,L,alate,0.258344716,0.133929569,0.074605393,0.84143805,NA,1.876415756,NA,0.03856631,0.057375627,0.138635173,2.39427465,1.525951273,0.363392965,0.092824889,0.442835397,27,NA,16,NA,7,NA,NA,3,NA,19,2,8,26,2,3,18,2,NA,5,35,NA,NA,NA,4,0.047645807,0.295812043,0.341034139,0.827609091,0.077666977,0.039118886
23-30f,II-L-06,2,L,alate,0.268990695,0.147731713,0.108078301,1.016986331,NA,1.964434746,NA,0.040590043,0.052984444,0.128835372,2.369843428,1.510102622,0.355458452,0.089050287,0.435691893,29,NA,15,NA,9,NA,NA,3,NA,19,2,8,30,2,3,22,1,NA,6,37,NA,NA,NA,6,0.044433866,0.297252521,0.335824684,0.855749765,0.075220883,0.039403805
23-53,II-L-15,2,L,alate,0.192646094,0.121481473,0.08280801,0.803995624,NA,1.928120925,NA,0.033515589,0.04599629,0.136087241,2.044283785,1.186601879,0.33252571,0.086773824,0.421836867,28,NA,14,NA,8,NA,NA,3,NA,16,2,8,25,2,5,19,1,NA,5,26,NA,NA,NA,5,0.042641849,0.287517687,0.336745636,0.715997048,0.061882397,0.040787736
23-83,II-L-12,2,L,alate,0.22988998,0.116783081,0.08217909,0.892822797,NA,1.881567108,NA,0.032526166,0.048206621,0.136877471,2.276971648,1.377136267,0.359802812,0.095456932,0.467090281,32,NA,19,NA,11,NA,NA,3,NA,17,2,6,29,2,4,23,2,NA,6,35,NA,NA,NA,5,0.04061808,0.282469011,0.349662449,0.764718162,0.080430217,0.039761932
"F+H: 8143a; SR, IL",Frison + Hotts: 8143a,2,NA,alate,0.26330476,0.12673328,0.09171445,0.87875951,NA,1.73844915,NA,0.02775976,0.0460213,0.11469092,2.39985648,1.31655193,NA,0.08562343,0.27892035,30,NA,13,NA,10,NA,NA,6,NA,17,2,7,NA,2,NA,NA,3,NA,6,37,NA,NA,NA,NA,0.05535337,NA,NA,0.72951903,NA,NA
"F+H: 8143b; SR, IL",Frison + Hotts: 8143b,2,NA,alate,0.256431225,0.124282348,0.096826758,0.895553725,NA,1.846923862,NA,0.028668582,0.05373229,0.125365542,2.467650165,1.560659715,NA,0.09869733,0.347351787,28,NA,12,NA,10,NA,NA,3,NA,NA,2,6,NA,2,NA,15,NA,NA,6,36,NA,NA,NA,NA,0.053868829,NA,NA,0.740179715,NA,NA
"F+H: 8143d; SR, IL",Frison + Hotts: 8143d,2,NA,alate,0.24338395,0.127359233,0.091105071,0.752307926,NA,1.754368816,NA,0.039126207,0.051124151,0.117125444,2.43159582,NA,NA,0.091867208,0.3735319,29,NA,11,NA,10,NA,NA,4,NA,14,2,10,NA,2,NA,NA,NA,NA,4,34,NA,NA,NA,NA,0.059010776,NA,NA,0.7331838,NA,NA
"F+H: 8143f; SR, IL",Frison + Hotts: 8143f,2,NA,alate,0.223949506,0.13750435,0.106557847,0.802074505,NA,1.805447006,NA,0.035553397,0.052077715,0.112848899,2.539070393,1.660253009,NA,NA,NA,25,NA,15,NA,11,NA,NA,4,NA,16,2,7,NA,2,NA,NA,NA,NA,5,29,NA,NA,NA,NA,0.068230296,NA,NA,0.747300582,NA,NA
"F+H: 8143g; SR, IL",Frison + Hotts: 8143g,2,NA,alate,0.233554401,0.12443215,0.1003701,0.902096853,NA,1.801174271,NA,0.033749885,0.054317166,0.098435406,2.300597552,1.507269696,NA,NA,NA,30,NA,14,NA,9,NA,NA,4,NA,12,2,11,NA,2,NA,NA,NA,NA,NA,NA,NA,NA,NA,NA,0.048997609,NA,NA,0.734919047,NA,NA
"F+H: 8145a; SR, IL",Frison + Hotts: 8145a,2,NA,alate,0.239593045,0.133182261,0.105946039,0.862017394,NA,1.882501396,NA,0.033961362,0.052977501,0.111910686,2.436507116,1.631784028,0.242993366,0.109668899,0.418709567,32,NA,14,NA,10,NA,NA,4,NA,14,2,5,NA,2,NA,NA,NA,NA,5,38,NA,NA,NA,NA,0.064399028,NA,NA,0.73997047,NA,NA
"F+H: 8145b; SR, IL",Frison + Hotts: 8145b,2,NA,alate,0.211321359,0.127129545,0.112163602,0.761307121,NA,1.805586448,NA,0.027429617,0.051063413,0.113215009,2.213449226,NA,NA,0.093599093,0.371539088,30,NA,15,NA,11,NA,NA,2,NA,14,2,5,NA,2,NA,18,NA,NA,5,40,NA,NA,NA,NA,0.058696057,NA,NA,0.714836917,NA,NA
"F+H: 8145c; SR, IL",Frison + Hotts: 8145c,2,NA,alate,0.120819125,0.107589148,NA,0.81067177,NA,1.758437917,NA,0.029443244,0.05443,0.070033645,2.249758312,1.438854844,NA,NA,NA,25,NA,13,NA,10,NA,NA,3,NA,14,2,9,NA,2,NA,NA,NA,NA,NA,NA,NA,NA,NA,NA,0.208938464,NA,NA,0.703149672,NA,NA
"F+H: 8145d; SR, IL",Frison + Hotts: 8145d,2,NA,alate,0.24670498,0.122791969,0.085867597,0.873126662,NA,1.843783525,NA,0.035433598,0.052606435,0.117118708,2.404850174,1.669887037,NA,0.080798116,0.445478074,35,NA,13,NA,9,NA,NA,3,NA,14,2,8,NA,2,NA,NA,NA,NA,6,42,NA,NA,NA,NA,0.064843057,NA,NA,0.728594419,NA,NA
"F+H: 8145e; SR, IL",Frison + Hotts: 8145e,2,NA,alate,0.259281517,0.12476934,0.100789746,0.882511824,NA,1.882501396,NA,0.038100476,0.051832274,0.117118708,2.39745408,1.46863421,NA,NA,NA,26,NA,12,NA,9,NA,NA,2,NA,13,2,5,NA,2,NA,NA,NA,NA,NA,NA,NA,NA,NA,NA,0.05329865,NA,NA,0.744606269,NA,NA
23-123a,II-N-22,2,N,alate,0.2928286,0.142747145,0.123866331,NA,NA,NA,NA,0.042064982,0.04446554,0.152656747,2.683258956,1.698591257,0.404284856,0.10960705,0.49844082,23,NA,12,NA,10,NA,NA,4,NA,17,2,8,26,2,5,19,3,NA,6,44,NA,NA,NA,6,0.043963908,0.345565054,0.334141299,NA,0.077098175,0.049102019
23-123b,II-N-23,2,N,alate,0.269277199,0.130488417,0.108708815,0.98728146,NA,2.032829387,NA,0.036567161,0.03781099,0.153903639,2.559449903,1.545171267,0.397565429,0.113102232,0.479399784,26,NA,10,NA,8,NA,NA,5,NA,16,2,6,26,2,6,24,3,NA,6,40,NA,NA,NA,6,0.045289606,0.337232771,0.309580035,0.952347966,0.077254326,0.045695535
23-123c,II-N-24,2,N,alate,0.269381049,0.134017424,0.101613993,1.163269463,NA,2.359483919,NA,0.041372569,0.053598786,0.126986499,2.611773315,1.507342534,0.406501842,0.107754062,0.483555638,26,NA,12,NA,8,NA,NA,4,NA,17,2,8,24,2,7,17,3,NA,6,36,NA,NA,NA,NA,0.042769605,0.312639996,NA,0.96151052,0.073733852,0.041911621
23-13a,II-N-01,2,N,alate,0.293845228,0.175296815,0.123845948,1.072810303,NA,1.928120925,NA,0.046013704,0.044158324,0.136796855,2.431556592,1.457788256,0.378093433,0.102417068,0.465366264,32,NA,27,NA,13,NA,NA,5,NA,14,2,6,28,2,4,14,2,NA,6,32,NA,NA,NA,4,0.049719897,0.313382171,0.291560192,0.795910802,0.066431426,0.038620335
23-13b,II-N-02,2,N,alate,0.274657714,0.154413582,0.112178142,0.920705944,NA,1.739472874,NA,0.03986413,0.045652865,0.116894882,2.366644379,1.494656686,0.287765533,0.088087604,0.340446502,32,NA,13,NA,12,NA,NA,4,NA,14,2,5,27,2,5,10,2,NA,5,32,NA,NA,NA,3,0.054214972,0.315475445,0.253138794,0.785821499,0.074072836,0.035863233
23-13c,II-N-03,2,N,alate,0.281181358,0.167523147,0.132471811,0.721520287,NA,1.903276806,NA,0.037762803,0.04132195,0.142051097,2.481727878,1.57817244,0.361696739,0.101179971,0.470443066,27,NA,16,NA,11,NA,NA,3,NA,14,2,6,23,2,5,12,2,NA,5,34,NA,NA,NA,4,0.055440011,0.325388821,0.354624149,0.818770964,0.070477694,0.047415816
23-13d,II-N-04,2,N,alate,0.267350599,0.146208171,0.123438113,0.754724832,NA,1.648446605,NA,0.041685029,0.047233003,0.122027074,2.244330755,1.457135218,0.338575894,0.078829476,0.466957654,31,NA,15,NA,12,NA,NA,3,NA,15,2,7,24,2,4,12,2,NA,3,33,NA,NA,NA,NA,0.043285913,0.308280481,0.374067081,0.743295936,0.070548679,0.056529119
23-13e,II-N-05,2,N,alate,0.271976337,0.164625381,0.128076781,0.923043678,NA,1.896950191,NA,0.043324332,0.051095686,0.128930021,2.3523474,1.371662874,0.375921842,0.102831433,0.480119396,26,NA,15,NA,11,NA,NA,3,NA,13,2,7,26,2,6,12,2,NA,5,33,NA,NA,NA,NA,0.045347821,0.326783506,0.343544783,0.862698473,0.07010634,0.045014594
23-13f,II-N-19,2,N,alate,0.284068382,0.156300515,0.124610268,1.00302846,NA,1.820898533,NA,0.04267354,0.046979909,0.134548174,2.341673609,1.457177964,0.358882242,0.103547847,0.469245145,34,NA,15,NA,14,NA,NA,5,NA,16,2,5,24,2,4,16,3,NA,6,36,NA,NA,NA,6,0.049546321,0.322332546,0.384789098,0.781061767,0.07565628,0.039108893
23-13g,II-N-20,2,N,alate,0.307763771,0.16599835,0.144161118,NA,NA,1.744631428,NA,0.044401641,0.038344486,0.142447764,2.419938544,1.425468838,0.366613321,0.104873056,0.468328374,34,NA,16,NA,13,NA,NA,4,NA,15,2,6,27,2,4,18,3,NA,6,35,NA,NA,NA,NA,0.053708805,0.33296766,0.309158652,0.794007203,0.075652894,0.046338874
23-13h,II-N-21,2,N,alate,0.270513897,0.148593534,0.137344806,NA,NA,NA,NA,0.046613517,0.048803424,0.14228681,2.571028515,1.541576329,0.37632244,0.110058958,0.466113945,30,NA,13,NA,11,NA,NA,5,NA,16,2,7,25,2,5,14,3,NA,6,35,NA,NA,NA,NA,0.046075804,0.322157312,0.346168431,0.820447998,0.067179862,0.050657438
24-69a,II-N-06,2,N,alate,0.313458737,0.151679135,0.136216712,NA,NA,1.847703606,NA,0.034273956,0.056221134,0.162957164,2.458282042,1.55127149,0.41929521,0.11162808,0.521998767,28,NA,13,NA,12,NA,NA,5,NA,16,2,7,28,2,4,21,3,NA,6,48,NA,NA,NA,4,0.044843944,0.342753719,0.33222816,0.83256734,0.082615038,0.068609589
24-69b,II-N-07,2,N,alate,0.307690165,0.150708003,0.132826781,1.135847775,NA,1.9028748,NA,0.047745893,0.05601207,0.153017199,2.46112551,1.484433,0.32672055,0.095542807,0.354995353,33,NA,14,NA,12,NA,NA,4,NA,15,2,7,24,2,3,19,3,NA,6,42,NA,NA,NA,4,0.049926215,0.323696477,0.328748038,0.816096211,0.078507777,0.052245344
24-69c,II-N-08,2,N,alate,0.31504869,0.131649813,0.135232225,0.76607257,NA,2.066811046,NA,0.046577803,0.057732806,0.161100185,2.521639948,1.618856329,0.422607472,0.109570419,0.525537663,32,NA,13,NA,13,NA,NA,4,NA,16,2,6,27,2,5,30,3,NA,6,47,NA,NA,NA,6,0.049881819,0.348062783,NA,0.859313596,0.080095953,0.040500078
24-69d,II-N-09,2,N,alate,0.309299957,0.156704034,0.141393621,0.810207217,NA,1.875487115,NA,0.046137781,0.059207834,0.161437961,2.574449322,1.450234342,0.408710787,0.109900797,0.512904047,36,NA,15,NA,14,NA,NA,4,NA,17,2,6,26,2,6,22,3,NA,6,42,NA,NA,NA,NA,0.050536336,0.349956157,NA,0.878778975,NA,NA
24-70a,II-N-10,2,N,alate,0.312332477,0.150004698,0.14354998,0.540217374,NA,1.832007057,NA,0.047449379,0.053924162,0.15235608,2.484890864,1.563799814,0.416232421,0.115239547,0.487421699,43,NA,16,NA,14,NA,NA,4,NA,16,2,6,28,2,4,32,3,NA,6,50,NA,NA,NA,6,0.049963545,0.330513092,0.323234773,0.841868812,0.076967507,0.051140307
24-70b,II-N-11,2,N,alate,0.294373079,0.1542723,0.148849576,1.134531823,NA,2.049315637,NA,0.044736822,0.054129753,0.163698406,2.518831764,1.544335491,0.403135333,0.114937484,0.49543445,34,NA,15,NA,15,NA,NA,4,NA,17,2,7,27,2,5,26,3,NA,6,49,NA,NA,NA,6,0.052799693,0.329537784,0.349963889,0.81514301,0.079223491,0.044073225
24-70c,II-N-12,2,N,alate,0.293525162,0.159308515,0.152860202,NA,NA,2.099266292,NA,0.03834986,0.04782268,0.150728287,2.50829781,1.634701312,0.415996876,0.112845566,0.496624435,32,NA,16,NA,16,NA,NA,5,NA,16,2,5,25,2,3,29,2,NA,6,53,NA,NA,NA,NA,0.054246579,0.33136965,NA,0.883602891,0.050932977,0.031913359
24-71a,II-N-25,2,N,alate,0.281499303,0.143644438,0.124740956,1.031829255,NA,2.09679655,NA,0.048854612,0.060919702,0.134219753,2.412323568,1.460807452,0.409167608,0.104476658,0.49403618,31,NA,15,NA,13,NA,NA,5,NA,17,2,9,26,2,5,30,3,NA,6,46,NA,NA,NA,5,0.046915814,0.313817046,0.34712799,0.852632019,0.079009342,0.060037
24-71b,II-N-26,2,N,alate,0.28412617,0.153432859,0.14277332,1.05775946,NA,2.009976569,NA,0.056438112,0.060759681,0.157307975,2.512086339,1.600001308,0.438960871,0.108850254,0.50241513,32,NA,14,NA,12,NA,NA,5,NA,16,2,7,30,2,5,29,3,NA,6,43,NA,NA,NA,5,0.048026722,0.3314638,0.346755657,0.895120372,0.082333262,0.05430084
24-71c,II-N-27,2,N,alate,0.28253519,0.152527084,0.138312055,1.136420361,NA,1.940999027,NA,0.050381175,0.056987631,0.159338372,2.561109434,1.506080331,0.42238798,0.103065162,0.48530278,28,NA,14,NA,12,NA,NA,5,NA,16,2,8,27,2,5,27,3,NA,6,42,NA,NA,NA,6,0.048341367,0.319834572,0.394775535,0.878778975,0.082483921,0.044357168
24-71d,II-N-28,2,N,alate,0.276666794,0.141214816,0.129440872,0.920972269,NA,1.899215247,NA,0.053475119,0.059416847,0.165912891,2.45888244,1.405884244,0.408982438,0.105205055,0.483664304,28,NA,13,NA,13,NA,NA,5,NA,17,2,8,22,2,5,27,3,NA,6,43,NA,NA,NA,6,0.044074556,0.313005895,0.362972545,0.810733648,0.07912579,0.041582103
24-71e,II-N-29,2,N,alate,0.288121804,0.146697197,0.136628332,0.765134444,NA,2.173138365,NA,NA,NA,0.169673526,2.506663933,1.680372933,0.41427142,0.101984485,0.488573494,30,NA,15,NA,12,NA,NA,5,NA,NA,NA,NA,30,2,5,31,3,NA,6,44,NA,NA,NA,6,0.043779541,0.330966707,0.401512535,0.877609741,0.084861473,0.049188114
24-74a,II-N-13,2,N,alate,0.313892711,0.164786156,0.139988274,1.259609109,NA,2.39045779,NA,0.053445886,0.059561014,0.153129434,2.6872344,1.817114664,0.409259607,0.104114683,0.514981339,38,NA,18,NA,13,NA,NA,5,NA,20,2,6,27,2,5,17,2,NA,6,48,NA,NA,NA,6,0.057514789,0.334097054,0.377153776,0.905540972,0.081016932,0.051041732
24-74b,II-N-14,2,N,alate,0.303123366,0.165585225,0.120298455,1.373798169,NA,2.414001034,NA,0.052350499,0.057221493,0.152500269,2.748793167,1.653401034,0.408681315,0.114860681,0.525526966,30,NA,15,NA,10,NA,NA,5,NA,18,2,8,29,2,6,20,3,NA,6,44,NA,NA,NA,6,0.056630005,0.327507416,0.354808266,0.931808614,0.082275,0.044504024
24-74c,II-N-15,2,N,alate,0.326588818,0.163816985,0.143607394,1.239213125,NA,2.29644386,NA,0.052631809,0.066686512,0.132596766,2.716643446,1.56853518,0.405594748,0.095290986,0.522283471,33,NA,16,NA,13,NA,NA,5,NA,19,2,9,30,2,6,24,3,NA,6,44,NA,NA,NA,NA,0.064980229,0.326714417,NA,0.915705659,NA,NA
24-74d,II-N-16,2,N,alate,0.322592578,0.167630377,0.142349735,1.245813101,NA,2.291404536,NA,0.053193356,0.061268773,0.147144315,2.618504178,1.691619577,0.409055537,0.108868776,0.537180572,36,NA,17,NA,13,NA,NA,5,NA,20,2,8,27,2,5,20,3,NA,6,46,NA,NA,NA,6,0.052346983,0.32900138,NA,0.924028761,0.068279709,0.043950542
24-74e,II-N-17,2,N,alate,0.327609709,0.142783575,0.132610791,1.509823838,NA,2.452362546,NA,0.048873239,0.061091557,0.151342201,2.725275704,1.702811837,0.426284008,0.116001211,0.534592474,36,NA,17,NA,12,NA,NA,4,NA,18,2,7,29,2,7,17,2,NA,7,43,NA,NA,NA,NA,0.060395502,0.353337701,0.210854763,0.971950848,0.071937192,0.035028587
24-74f,II-N-18,2,N,alate,0.328968987,0.1649592,0.140804394,NA,NA,2.420495645,NA,0.051878388,0.058859017,0.164240855,2.646632085,1.790934839,0.413905706,0.110059534,0.529590256,38,NA,16,NA,15,NA,NA,5,NA,23,2,6,28,2,5,21,3,NA,6,48,NA,NA,NA,5,0.053841789,0.342610523,NA,0.932462988,0.070170298,0.055517116
23-02a,IV-H-01,4,H,aptera,0.107624893,NA,NA,NA,NA,1.188796851,0.888248857,0.031743783,0.063218834,NA,NA,NA,0.203489637,0.052344345,0.220248681,NA,1,NA,NA,NA,NA,3,4,9,11,2,7,15,NA,4,7,NA,4,4,8,1,5,1,6,0.042428049,NA,0.280311081,NA,0.063284254,0.043355757
23-02b,IV-H-02,4,H,aptera,0.061603196,0.055659355,NA,NA,NA,1.457914366,1.236460437,0.035075309,0.070599258,NA,NA,NA,0.224871643,0.053021167,0.234351441,NA,0,NA,NA,NA,NA,3,4,16,11,2,10,17,NA,4,5,NA,4,4,5,2,2,1,4,0.039990938,NA,0.273547649,NA,0.057519369,0.033950893
23-02c,IV-H-03a,4,H,aptera,0.071416312,0.029533497,NA,NA,NA,1.442393674,0.978313872,0.043126066,0.067877658,NA,NA,NA,0.226834223,0.059356253,0.239438455,NA,0,NA,NA,NA,NA,3,3,9,14,2,5,15,NA,4,6,NA,5,5,6,2,4,1,4,0.050023435,NA,0.315993846,NA,0.068433865,0.04015588
23-02d,IV-H-03b,4,H,aptera,0.058960551,0.040735067,NA,NA,NA,1.089485428,0.935571297,0.027778784,0.061919095,NA,NA,NA,0.214561041,0.056615609,0.237023632,NA,1,NA,NA,NA,NA,3,3,13,14,2,3,13,NA,4,7,NA,5,3,6,2,4,1,4,0.046420233,NA,0.314846859,NA,0.06724656,0.032225951
23-02e,IV-H-03c,4,H,aptera,0.066026323,0.027966895,NA,NA,NA,1.418557236,1.152649101,0.040824994,0.070578362,NA,NA,NA,0.233464355,0.054708614,0.225337511,NA,0,NA,NA,NA,NA,3,3,8,11,2,9,18,NA,3,6,NA,4,3,7,1,2,2,4,0.039175518,NA,0.261649412,NA,0.067728636,0.035095924
23-02f,IV-H-03d,4,H,aptera,0.055156577,0.056058841,NA,NA,NA,1.367947099,1.204961296,0.031515336,0.068224008,NA,NA,NA,0.222054733,0.063620254,0.24571916,NA,0,NA,NA,NA,NA,3,4,14,12,2,5,21,NA,4,4,NA,3,3,6,1,NA,1,3,0.041914144,NA,0.33084766,NA,0.059883523,0.045919032
23-02g,IV-H-03e,4,H,aptera,0.104484715,NA,NA,NA,NA,1.516561183,1.099747005,0.037390192,0.068130229,NA,NA,NA,0.224991923,0.058900979,0.243398558,NA,NA,NA,NA,NA,NA,3,3,14,14,2,6,19,NA,5,5,NA,6,3,7,2,4,2,5,0.042980028,NA,0.299681809,NA,0.054338637,0.042078791
23-03,IV-H-08,4,H,aptera,0.052554654,0.0387928,NA,NA,NA,1.119145967,0.918639381,0.337009474,0.034100452,NA,NA,NA,0.224540414,0.06450404,0.256353876,NA,0,NA,NA,NA,NA,3,3,NA,12,2,7,15,NA,4,4,NA,5,5,4,2,NA,3,4,0.053165375,NA,0.072462149,NA,0.068793324,0.037020666
23-04a,IV-H-09,4,H,aptera,0.059243289,0.062399179,NA,NA,NA,1.546476097,1.26875876,0.037922739,0.081105922,NA,NA,NA,0.22991941,0.057935005,0.252003193,NA,0,NA,NA,NA,NA,3,3,8,10,2,10,19,NA,4,5,NA,2,5,6,3,4,3,4,0.045150029,NA,0.261366359,NA,0.067647081,0.062426374
23-04b,IV-H-12,4,H,aptera,0.050460809,0.051780459,NA,NA,NA,1.58021434,1.249772908,0.05434005,0.0746155,NA,NA,NA,0.219361115,0.061220381,0.24081054,NA,0,NA,NA,NA,NA,3,3,13,10,2,5,19,NA,3,5,NA,6,6,4,2,NA,2,NA,0.053448467,NA,NA,NA,0.064076291,0.038984127
23-04c,IV-H-13,4,H,aptera,0.062362907,0.040300096,NA,NA,NA,1.677940413,1.249772908,0.047772945,0.071267833,NA,NA,NA,0.218111734,0.056750965,0.241210613,NA,0,NA,NA,NA,NA,3,3,7,11,2,6,18,NA,4,5,NA,6,5,5,2,6,1,2,0.040946757,NA,0.312779935,NA,0.066054838,0.041584093
23-04d,IV-H-14,4,H,aptera,0.06740175,0.038251283,NA,NA,NA,1.541298981,1.327938645,0.043442645,0.0668246,NA,NA,NA,0.218847559,0.061222133,0.240225423,NA,1,NA,NA,NA,NA,3,3,12,14,2,5,18,NA,4,5,NA,5,5,3,2,6,2,NA,0.041454544,NA,0.330343382,NA,0.06601239,0.041668907
23-05a,IV-H-04,4,H,aptera,0.052537015,0.052648263,NA,NA,NA,NA,1.436138621,0.056159277,0.067689336,NA,NA,NA,0.227200471,0.054470868,0.24724353,NA,0,NA,NA,NA,NA,4,4,13,16,2,7,14,NA,4,4,NA,6,5,6,0,6,2,6,0.045873381,NA,0.273389963,NA,0.070819424,0.034144175
23-05b,IV-H-05,4,H,aptera,0.049751416,0.056450041,NA,NA,NA,1.485277513,1.231976563,0.047797659,0.06379165,NA,NA,NA,0.235604955,0.059406378,0.248566755,NA,NA,NA,NA,NA,NA,3,3,9,15,2,7,13,NA,3,5,NA,6,4,8,2,6,2,6,0.043234299,NA,0.297394561,NA,0.07105092,0.047885147
23-10a,IV-H-10,4,H,aptera,0.058559271,0.050401006,NA,NA,NA,1.42841825,1.161195537,0.034969552,0.061998744,NA,NA,NA,0.201139224,0.056475902,0.218019537,NA,0,NA,NA,NA,NA,3,3,10,12,2,8,15,NA,3,5,NA,5,5,3,2,5,2,6,0.040420714,NA,0.321463719,NA,0.071511666,0.051062054
23-10b,IV-H-11,4,H,aptera,0.05637007,0.053145109,NA,NA,NA,1.47237516,0.97464575,0.04976532,0.067483087,NA,NA,NA,0.23056061,0.059030376,0.248606578,NA,0,NA,NA,NA,NA,3,3,9,12,2,7,16,NA,5,6,NA,5,6,5,2,5,2,4,0.041809821,NA,NA,NA,0.063709714,0.037709054
23-12a,IV-H-06,4,H,aptera,0.069741209,0.025388642,NA,NA,NA,1.258881103,1.113088771,0.025516585,0.060828161,NA,NA,NA,0.192858337,0.05016901,0.212609429,NA,0,NA,NA,NA,NA,3,3,10,12,2,6,14,NA,4,5,NA,5,4,6,1,NA,2,4,0.040263847,NA,0.234307744,NA,0.051127279,0.039103592
23-12b,IV-H-07,4,H,aptera,0.051415022,0.05440976,NA,NA,NA,1.36057647,1.155663006,0.036694356,0.059715897,NA,NA,NA,0.195508828,0.052924197,0.216180624,NA,0,NA,NA,NA,NA,3,3,10,13,2,6,11,NA,3,6,NA,6,3,8,1,2,2,4,0.044804044,NA,0.245207314,NA,0.05299737,0.047921525
23-01a,IV-L-03,4,L,aptera,0.056119405,0.064083458,NA,NA,NA,1.261553338,0.900324484,0.046565609,0.077844086,NA,NA,NA,0.213708164,0.047155485,0.248243915,NA,0,NA,NA,NA,NA,4,4,10,19,2,6,21,NA,3,8,NA,3,4,9,2,6,2,6,0.046892996,NA,0.341778545,NA,0.068722703,0.03650186
23-01b,IV-L-04,4,L,aptera,0.056215608,0.041839431,NA,NA,NA,1.304604297,1.008016211,0.04289112,0.065252538,NA,NA,NA,0.231927439,0.058525622,0.240918264,NA,NA,NA,NA,NA,NA,3,4,10,13,2,9,17,NA,4,6,NA,5,4,7,NA,6,NA,6,0.044219102,NA,0.289852035,NA,0.064531727,0.037413531
23-01c,IV-L-05,4,L,aptera,0.04923853,0.05436219,NA,NA,NA,1.25588311,0.9660877,0.03863038,0.06558262,NA,NA,NA,0.21766095,0.05254244,0.22841107,NA,0,NA,NA,NA,NA,3,5,15,12,2,6,18,NA,4,5,NA,5,5,6,1,6,2,5,0.03388624,NA,0.28077058,NA,0.0623604,0.04532074
23-01d,IV-L-06,4,L,aptera,0.053911941,0.052145089,NA,NA,NA,1.229191125,0.858385938,0.284864536,0.042843082,NA,NA,NA,0.226413201,0.063996633,0.236664027,NA,0,NA,NA,NA,NA,4,3,9,12,2,7,21,NA,5,6,NA,5,4,6,1,NA,2,NA,0.041051028,NA,0.063934479,NA,0.062397413,0.033096272
23-01e,IV-L-07,4,L,aptera,0.060552689,0.037785136,NA,NA,NA,1.291710658,1.391716733,0.039912985,0.067692472,NA,NA,NA,0.22023257,0.052369789,0.237388808,NA,0,NA,NA,NA,NA,3,3,9,14,2,6,17,NA,6,7,NA,5,5,5,2,6,2,5,0.047249267,NA,0.303505049,NA,0.066397744,0.039422021
23-01f,IV-L-08,4,L,aptera,0.056762777,0.048717578,NA,NA,NA,1.404483581,1.109109534,0.042980345,0.069611942,NA,NA,NA,0.226555167,0.055969327,0.229723514,NA,0,NA,NA,NA,NA,3,3,8,13,2,9,16,NA,4,5,NA,5,5,8,1,NA,2,4,0.04196503,NA,0.318994454,NA,0.065952563,0.048475595
23-01g,IV-L-09,4,L,aptera,0.055206818,0.053758939,NA,NA,NA,1.259982116,0.932755376,0.04428718,0.069150294,NA,NA,NA,0.223439149,0.068786214,0.25687607,NA,0,NA,NA,NA,NA,3,3,9,16,2,10,22,NA,6,6,NA,4,5,6,1,6,1,NA,0.061892379,NA,0.341848475,NA,0.065963658,0.04656563
23-01h,IV-L-10,4,L,aptera,0.053633655,0.043863225,NA,NA,NA,1.147487847,0.793530213,0.0267348,0.059545989,NA,NA,NA,0.213667665,0.05012201,0.211122578,NA,NA,NA,NA,NA,NA,3,3,10,11,2,9,15,NA,5,8,NA,5,5,4,NA,NA,NA,NA,0.040655306,NA,0.268660585,NA,0.0712129,0.040039769
25-70,IV-L-11,4,L,aptera,0.05070923,0.04719471,NA,NA,NA,1.2829455,0.85682019,0.04750608,0.07282389,NA,NA,NA,0.26253501,0.06273178,0.27412247,NA,0,NA,NA,NA,NA,3,NA,10,15,2,8,21,NA,5,4,NA,4,6,7,2,NA,2,NA,0.04646288,NA,NA,NA,0.06960714,0.04158798
99-57a,IV-L-01,4,L,aptera,0.054389247,0.064243067,NA,NA,NA,1.792378985,1.373514787,0.045732283,0.075403471,NA,NA,NA,0.257247351,0.07230886,0.257107808,NA,NA,NA,NA,NA,NA,4,4,11,15,2,6,18,NA,4,4,NA,2,5,7,2,6,2,6,0.049612757,NA,0.336039661,NA,0.080430068,0.05168083
99-57b,IV-L-02,4,L,aptera,0.053400558,0.064900919,NA,NA,NA,1.436939516,1.62090847,0.360565381,0.051615519,NA,NA,NA,0.26858133,0.067331833,0.249043768,NA,2,NA,NA,NA,NA,3,5,13,13,2,7,19,NA,5,6,NA,5,4,9,2,NA,2,4,0.049275349,NA,0.081552107,NA,0.075356694,0.03648959
25-71a,IV-N-02,4,N,aptera,0.059153185,0.047060907,NA,NA,NA,1.681840257,1.390210197,0.051851899,0.084512472,NA,NA,NA,0.21898282,0.060273569,0.24344391,NA,0,NA,NA,NA,NA,3,4,9,16,2,8,15,NA,6,3,NA,4,6,7,2,NA,2,6,0.046982575,NA,0.311434623,NA,0.073863131,0.059416421
25-71b,IV-N-03,4,N,aptera,0.059090113,0.052632428,NA,NA,NA,1.513904814,1.144777918,0.049662207,0.097062892,NA,NA,NA,0.248885639,0.07295491,0.270475243,NA,0,NA,NA,NA,NA,3,4,8,17,2,10,21,NA,6,8,NA,8,6,10,2,NA,2,6,0.039652423,NA,0.304596268,NA,0.083947947,0.063901213
25-71c,IV-N-04,4,N,aptera,0.055142727,0.045277106,NA,NA,NA,1.765060483,1.571416808,0.059867073,0.086968838,NA,NA,NA,0.234227237,0.05258767,0.256189753,NA,0,NA,NA,NA,NA,3,4,11,16,2,10,16,NA,6,7,NA,7,6,6,2,6,2,6,0.050258745,NA,0.330171671,NA,0.07895611,0.049558143
25-71d,IV-N-05,4,N,aptera,0.067504107,0.048573945,NA,NA,NA,1.766609176,1.403281768,0.073023257,0.092509954,NA,NA,NA,0.258336363,0.073847097,0.275815075,NA,0,NA,NA,NA,NA,3,NA,12,17,2,10,18,NA,5,6,NA,5,5,9,2,6,2,6,0.041978475,NA,0.378366752,NA,0.080147351,0.056909677
25-71e,IV-N-06,4,N,aptera,0.04866312,0.047802715,NA,NA,NA,1.57075613,1.244246156,0.050719333,0.080149507,NA,NA,NA,0.216234508,0.049469671,0.235664906,NA,0,NA,NA,NA,NA,3,3,11,14,2,7,18,NA,6,5,NA,6,5,8,2,NA,2,6,0.046603774,NA,NA,NA,0.076989108,0.050233661
25-71f,IV-N-07,4,N,aptera,0.06108488,0.05397921,NA,NA,NA,1.77862239,1.40907575,0.05788188,0.09178347,NA,NA,NA,0.2758581,0.06263371,0.29552056,NA,1,NA,NA,NA,NA,4,5,17,17,2,9,22,NA,6,7,NA,7,5,10,2,6,2,6,0.05265538,NA,NA,NA,0.07687862,0.04350001
25-73a,IV-N-08,4,N,aptera,0.045585166,0.046090585,NA,NA,NA,1.682650072,1.398189614,0.048302646,0.071573431,NA,NA,NA,0.219270828,0.060237252,0.245976168,NA,0,NA,NA,NA,NA,3,4,10,15,2,7,15,NA,5,7,NA,5,6,7,2,NA,2,6,0.040389518,NA,0.274061525,NA,0.070015407,0.056176667
25-73b,IV-N-09,4,N,aptera,0.056280729,0.049749317,NA,NA,NA,1.506731757,1.416933687,0.044777081,0.072463887,NA,NA,NA,0.228525849,0.060674143,0.243123064,NA,1,NA,NA,NA,NA,3,4,10,14,2,8,18,NA,6,8,NA,5,6,9,2,6,2,5,0.04180587,NA,NA,NA,0.068521984,0.037194212
25-73c,IV-N-10,4,N,aptera,0.053781826,0.045864506,NA,NA,NA,1.5451021,1.366792468,0.04356697,0.075761843,NA,NA,NA,0.234964105,0.06238278,0.248319404,NA,1,NA,NA,NA,NA,3,4,10,15,2,7,18,NA,6,7,NA,7,6,7,2,6,2,5,0.045089823,NA,0.296834223,NA,0.068660458,0.048087985
25-73d,IV-N-11,4,N,aptera,0.054789084,0.051497319,NA,NA,NA,1.758330286,1.412068347,0.049842288,0.069535287,NA,NA,NA,0.234273729,0.072637031,0.256240706,NA,1,NA,NA,NA,NA,3,4,9,14,2,7,18,NA,5,7,NA,8,6,9,2,NA,2,5,0.04134746,NA,NA,NA,0.071908361,0.047972074
25-73e,IV-N-12,4,N,aptera,0.058879577,0.048739816,NA,NA,NA,1.697688405,1.401088814,0.056873777,0.076215563,NA,NA,NA,0.231025167,0.059890943,0.246556148,NA,1,NA,NA,NA,NA,3,4,11,15,2,10,20,NA,6,8,NA,6,6,9,2,6,2,5,0.05098987,NA,NA,NA,0.085546883,0.058578036
25-73f,IV-N-13,4,N,aptera,0.05798339,0.04063264,NA,NA,NA,1.69671956,1.22650412,0.04978275,0.07637012,NA,NA,NA,0.22809632,0.06531566,0.24065575,NA,1,NA,NA,NA,NA,3,4,10,14,2,10,18,NA,6,6,NA,7,6,6,2,5,2,6,0.04724388,NA,NA,NA,0.07167302,0.04115756
94-27,IV-N-01,4,N,aptera,0.055730789,0.045503547,NA,NA,NA,1.851857711,1.456458629,0.050805261,0.083574098,NA,NA,NA,0.257791597,0.05973714,0.284269822,NA,NA,NA,NA,NA,NA,3,2,NA,16,2,8,18,NA,4,5,NA,NA,4,15,2,NA,2,NA,0.061226081,NA,0.272406244,NA,0.066869476,0.042320354
23-05,SV-H-04,5,H,alate,0.23906968,0.111774651,0.125078195,0.827657868,NA,1.490989557,NA,0.034628903,0.052702976,0.117547925,1.875896862,1.136445126,0.329339483,0.085599937,0.412000069,23,NA,8,NA,10,NA,NA,3,NA,16,2,7,17,2,5,12,NA,8,6,32,NA,NA,NA,6,0.040032651,NA,0.340701311,0.696493226,0.072682966,0.053304402
23-10a,SV-H-01,5,H,alate,0.217520114,0.099701828,0.114194843,0.633499094,NA,1.319613865,NA,0.035368539,0.042632984,0.111679722,1.922811738,1.165044439,0.299262312,0.088326605,0.368938016,23,NA,9,NA,10,NA,NA,3,NA,12,2,5,19,2,3,9,NA,NA,6,20,NA,NA,NA,2,0.037105546,NA,NA,0.601745529,0.061785597,NA
23-10b,SV-H-02,5,H,alate,0.201936439,0.101494994,0.120620697,0.676232874,NA,1.166731998,NA,0.033062082,0.045403697,0.105394564,1.961304465,1.078359806,0.328967884,0.074878868,0.404066832,22,NA,8,NA,11,NA,NA,3,NA,16,2,6,23,NA,NA,18,NA,NA,5,28,NA,NA,NA,NA,0.035218681,NA,NA,0.576196271,NA,NA
23-11,SV-H-05,5,H,alate,NA,NA,NA,NA,NA,1.516935083,NA,0.034972589,0.052582714,0.109355737,1.874066875,1.139007164,0.36060623,0.094333678,0.408631073,NA,NA,NA,NA,NA,NA,NA,5,NA,15,2,10,22,2,NA,15,NA,7,6,31,NA,NA,NA,NA,0.04467802,NA,NA,0.699551654,0.071691815,NA
23-12,SV-H-03,5,H,alate,0.250778454,0.1098384,0.108587032,NA,NA,NA,NA,0.032731374,0.044900328,0.126597272,1.845940696,1.07637436,0.315834601,0.090434176,0.386041014,23,NA,8,NA,9,NA,NA,2,NA,13,3,6,17,NA,NA,14,NA,NA,5,34,NA,NA,NA,NA,NA,NA,NA,0.620201978,NA,NA
25-57a,SV-H-06,5,H,alate,0.303703271,0.141026557,0.133629798,0.920602772,NA,1.82698894,NA,0.047501577,0.068616559,0.151010743,2.11587771,1.332464607,0.335714428,0.115735004,0.442015848,24,NA,9,NA,9,NA,NA,5,NA,19,2,8,18,2,6,25,NA,7,6,38,NA,NA,NA,6,0.050087271,NA,NA,0.856820254,0.0900887,0.04293688
25-57b,SV-H-07,5,H,alate,0.306277089,0.13045029,0.139808934,0.846927811,NA,1.813321738,NA,0.044405412,0.066999638,0.166177228,2.128725324,1.354233368,0.396657505,0.115145915,0.443713684,28,NA,12,NA,13,NA,NA,5,NA,19,2,8,23,2,5,31,NA,8,7,43,NA,NA,NA,6,0.046822924,NA,0.389394794,0.778240173,0.086542985,0.056148192
25-57c,SV-H-08,5,H,alate,0.304290153,0.156733692,0.144876029,0.893827273,NA,1.815299178,NA,0.054605347,0.072617819,0.163793587,2.252154446,1.36753832,0.400459242,0.117496861,0.457994402,24,NA,11,NA,12,NA,NA,5,NA,20,2,10,28,2,6,31,NA,8,6,42,NA,NA,NA,6,0.049827302,NA,0.356103035,0.762102377,0.087646859,0.050093258
25-57d,SV-H-09,5,H,alate,0.316968794,0.145635956,0.146362931,0.881098467,NA,1.869939949,NA,0.037372876,0.06904818,0.155129966,2.084465363,1.280173474,0.401149988,0.112878771,0.436237934,28,NA,12,NA,13,NA,NA,5,NA,20,2,7,24,2,5,27,NA,9,7,43,NA,NA,NA,7,0.052179893,NA,0.355087087,0.819474538,0.085485312,0.054515104
25-57e,SV-H-10,5,H,alate,0.321381409,0.148992588,0.138481297,0.901448481,NA,1.765771562,NA,0.043829952,0.073942132,0.156692683,2.131047827,1.267231911,0.394306058,0.114982033,0.45401381,26,NA,12,NA,11,NA,NA,5,NA,18,2,9,23,2,6,28,NA,8,6,43,NA,NA,NA,6,0.044671808,NA,0.351472436,0.770184836,0.084242603,0.047381012
25-57f,SV-H-11,5,H,alate,0.312285948,0.139843794,0.142780409,0.990990716,NA,1.988313089,NA,0.045269599,0.06803413,0.139698239,2.236297361,1.356527696,0.401606288,0.116718346,0.455269423,27,NA,11,NA,12,NA,NA,5,NA,15,2,8,24,2,6,29,NA,7,6,43,NA,NA,NA,6,0.054545286,NA,0.26503571,0.839686719,0.077731637,0.050374915
25-57g,SV-H-12,5,H,alate,0.304807019,0.134198209,0.13136451,0.813426439,NA,1.703918714,NA,0.047477488,0.065529203,0.133725938,2.060714656,1.292614662,0.395514185,0.11033362,0.434050658,32,NA,9,NA,10,NA,NA,5,NA,18,2,6,26,2,6,28,NA,8,6,43,NA,NA,NA,6,0.046960743,NA,0.354321434,0.756570961,0.083278936,0.047990118
25-57h,SV-H-13,5,H,alate,0.30062744,0.13634718,0.13976416,0.88801519,NA,1.61938387,NA,0.04523029,0.06580782,0.14958338,2.05318099,1.23763284,0.38481895,0.11538978,0.43240735,28,NA,10,NA,10,NA,NA,5,NA,17,2,7,23,2,6,28,NA,8,6,45,NA,NA,NA,4,0.05172767,NA,0.33565889,0.71761949,0.08108389,0.04107102
99-22a,SV-L-12,5,L,alate,0.235163306,0.102118214,0.106133129,0.740753883,NA,1.491858507,NA,0.042453717,0.049566469,0.136811896,1.738315457,1.097022884,0.304559774,0.082611519,0.353721951,21,NA,7,NA,5,NA,NA,5,NA,16,2,12,22,2,NA,18,NA,7,6,31,NA,NA,NA,6,0.040978795,NA,0.261658316,0.656655077,0.062632728,0.041525374
25-08a,SV-L-01,5,L,alate,0.296494985,0.144435112,0.122838847,0.944410846,NA,1.694324314,NA,0.034317503,0.051703304,0.159705365,2.294443445,1.282152522,0.403250304,0.112800805,0.456419869,24,NA,12,NA,9,NA,NA,5,NA,15,2,6,24,2,5,26,NA,7,6,41,NA,NA,NA,NA,0.038789987,NA,NA,0.793446278,NA,NA
25-08b,SV-L-02,5,L,alate,0.316213719,0.151630363,0.151341919,0.964161534,NA,2.084382608,NA,0.055292341,0.070182311,0.156799853,2.168900117,1.500880739,0.403856196,0.126090378,0.4962223,32,NA,10,NA,13,NA,NA,5,NA,22,2,17,25,2,6,31,NA,8,6,48,NA,NA,NA,5,0.05523466,NA,NA,0.883171102,0.085988368,0.045111189
25-08c,SV-L-03,5,L,alate,0.291640528,0.162210491,0.14220396,0.862387519,NA,1.845273211,NA,0.035492445,0.074164666,0.153356941,2.146832831,1.399304112,0.405112071,0.122791248,0.49905358,27,NA,16,NA,14,NA,NA,3,NA,21,2,13,27,2,6,27,NA,8,6,47,NA,NA,NA,6,0.060214942,NA,0.343175241,0.884366652,0.081227544,0.059268064
25-08d,SV-L-04,5,L,alate,0.296812499,0.132688177,0.144670307,NA,NA,1.857898271,NA,0.047409225,0.072496711,0.158627637,2.144503731,1.282401774,0.390801464,0.114325592,0.47757691,28,NA,13,NA,14,NA,NA,6,NA,19,2,11,27,2,6,27,NA,7,5,49,NA,NA,NA,6,0.048775479,NA,0.34905694,0.855074766,0.080652307,0.056066562
25-08e,SV-L-05,5,L,alate,0.291135539,0.144754079,0.143409287,0.784742556,NA,1.74046163,NA,0.042819013,0.055970646,0.16119672,2.073289849,1.285495667,0.404040982,0.111934339,0.459386021,24,NA,10,NA,9,NA,NA,5,NA,18,2,7,25,2,5,25,NA,8,6,42,NA,NA,NA,6,0.046089707,NA,0.264858406,0.789997625,0.079988147,0.061017723
25-10a,SV-L-06,5,L,alate,0.313214777,0.164628026,0.152490864,0.870181999,NA,1.785966378,NA,0.047039266,0.06480176,0.143117839,2.222670469,1.400826981,0.384076154,0.110133124,0.454681052,31,NA,15,NA,13,NA,NA,4,NA,16,2,10,22,2,5,26,NA,6,6,45,NA,NA,NA,6,0.053411838,NA,NA,0.820186326,0.072592841,0.045452318
25-10b,SV-L-07,5,L,alate,0.297443407,0.145931166,0.155065044,1.033826953,NA,1.823973497,NA,0.049881479,0.055428505,0.122747232,2.080822962,1.349395105,0.379553822,0.11450378,0.445173415,30,NA,12,NA,9,NA,NA,4,NA,17,2,9,23,2,6,26,NA,8,6,44,NA,NA,NA,6,0.049661698,NA,0.37623378,0.777104896,0.083473361,0.042191662
25-10c,SV-L-08,5,L,alate,0.296400444,0.148641764,0.149165983,0.910470032,NA,1.879615366,NA,0.047056979,0.06988712,0.171074708,2.200995402,1.452027332,0.386678692,0.107628311,0.443150809,27,NA,12,NA,13,NA,NA,5,NA,20,2,12,27,2,6,28,NA,7,6,46,NA,NA,NA,6,0.054071546,NA,0.343299967,0.80667138,0.085247078,0.047200993
25-10d,SV-L-09,5,L,alate,0.283901226,0.152966322,0.14625666,NA,NA,NA,NA,0.040212187,0.056519775,0.14196579,2.170102052,1.378016882,0.377754666,0.108792102,0.425040639,30,NA,12,NA,10,NA,NA,5,NA,19,2,13,23,2,6,21,NA,7,6,34,NA,NA,NA,NA,0.051447062,NA,NA,0.791220001,0.073543235,0.037993775
25-10e,SV-L-10,5,L,alate,0.290073328,0.144176061,0.145740893,0.97577126,NA,1.759060807,NA,0.044969673,0.065145254,0.161514044,2.237097183,1.450819259,0.381786623,0.114163429,0.454447179,24,NA,12,NA,11,NA,NA,5,NA,19,2,10,23,2,5,25,NA,8,6,42,NA,NA,NA,NA,0.060570885,NA,0.335749503,0.859787205,0.081061735,NA
25-10f,SV-L-11,5,L,alate,0.297849403,0.166872762,0.156190166,0.930389348,NA,1.881256947,NA,0.048385834,0.065258086,0.163419997,2.207554952,1.435172791,0.394472041,0.117293344,0.446580175,29,NA,12,NA,12,NA,NA,5,NA,18,2,10,23,2,6,19,NA,8,5,47,NA,NA,NA,NA,0.054800342,NA,NA,0.87519016,0.079492474,0.038332697
99-22b,SV-L-13,5,L,alate,0.251822678,0.122111457,0.113401916,0.686588167,NA,1.504002653,NA,0.045473843,0.068033951,0.145154962,1.909274586,1.170544633,0.33861714,0.08843279,0.418452034,26,NA,11,NA,10,NA,NA,5,NA,16,2,10,23,2,5,20,NA,8,6,40,NA,NA,NA,NA,0.045012038,NA,NA,0.665440423,0.069805841,0.033352953
99-22c,SV-L-14,5,L,alate,0.242794487,0.103738979,0.104730471,0.711727765,NA,1.537571954,NA,0.040212187,0.056519775,0.145273546,1.817577776,1.085600002,0.331772651,0.083060077,0.368480991,23,NA,12,NA,7,NA,NA,5,NA,16,2,10,27,2,6,28,NA,7,6,37,NA,NA,NA,6,0.050637198,NA,0.311168354,0.699551654,0.066207385,0.0514163
99-22d,SV-L-15,5,L,alate,0.20996657,0.0905064,0.11622346,0.71172777,NA,1.55249745,NA,0.04510002,0.05355042,0.14335257,1.89073885,1.23442543,0.30794152,0.0904979,0.37143897,21,NA,8,NA,10,NA,NA,6,NA,12,2,9,24,2,6,22,NA,9,6,36,NA,NA,NA,NA,0.03883287,NA,NA,0.65170234,0.06877389,0.03156168
99-22e,SV-L-16,5,L,alate,0.237868459,0.108784882,0.122836715,0.703984386,NA,1.457115861,NA,0.047992176,0.06340468,0.13725976,1.7946139,1.006863819,0.332910652,0.09908499,0.367478697,24,NA,10,NA,10,NA,NA,5,NA,16,2,9,24,2,6,27,NA,7,6,36,NA,NA,NA,6,0.040089893,NA,0.324165453,0.698918662,0.068340602,0.040181461
99-22f,SV-L-17,5,L,alate,0.248194069,0.117350792,0.11771719,0.721439371,NA,1.473574494,NA,0.044991588,0.060708054,0.144067217,1.836734495,0.973591633,0.330776648,0.096302197,0.371145216,26,NA,11,NA,9,NA,NA,4,NA,14,2,11,25,2,5,18,NA,7,6,34,NA,NA,NA,5,0.038010911,NA,0.274272562,0.652083399,0.063808678,0.050730064
99-22g,SV-L-18,5,L,alate,0.239577719,0.114558879,0.127060736,0.783105462,NA,1.349071301,NA,0.041413008,0.056549276,0.147196396,1.776023244,1.085283583,0.33736717,0.09654672,0.40188504,22,NA,9,NA,11,NA,NA,4,NA,16,2,8,23,2,6,22,NA,8,6,33,NA,NA,NA,NA,0.045031054,NA,NA,0.682953998,NA,NA
23-18a,SV-N-01,5,N,alate,0.299755227,0.141615468,0.12986461,0.883645445,NA,1.535168578,NA,0.048328588,0.067465364,0.126079902,2.232738609,1.310159707,0.386119615,0.103119959,0.461043964,29,NA,12,NA,11,NA,NA,5,NA,17,2,13,27,2,5,27,NA,8,6,46,NA,NA,NA,6,0.048590865,NA,0.336475616,0.743149817,0.082991626,0.0592415
23-18b,SV-N-02,5,N,alate,0.310348984,0.139696745,0.13604311,0.919805129,NA,1.568333227,NA,0.047462645,0.055328292,0.12240704,2.187486065,1.29141078,0.363457162,0.096520287,0.441232212,29,NA,10,NA,11,NA,NA,4,NA,16,3,11,29,2,5,23,NA,8,6,51,NA,NA,NA,NA,0.038385702,NA,NA,0.709739576,NA,0.04147744
23-18c,SV-N-03,5,N,alate,0.282359648,0.135673925,0.12449516,NA,NA,NA,NA,0.030707201,0.055767332,0.153026049,2.083521958,1.310877439,0.346403203,0.097123642,0.423800494,28,NA,13,NA,10,NA,NA,5,NA,17,2,12,25,2,5,18,NA,9,6,44,NA,NA,NA,NA,0.044924278,NA,NA,0.725535056,0.07408678,NA
23-18d,SV-N-04,5,N,alate,0.321142331,0.135224815,0.134695684,0.824688657,NA,1.718528304,NA,0.045148622,0.063747682,0.127912102,2.14439224,1.305606537,0.362676805,0.094892232,0.443584127,28,NA,11,NA,11,NA,NA,5,NA,18,2,12,27,2,6,21,NA,7,6,46,NA,NA,NA,6,0.043762257,NA,NA,0.788501669,0.073363112,0.037999395
23-18e,SV-N-05,5,N,alate,0.30397263,0.132458644,0.132553678,0.86709918,NA,1.724464086,NA,0.047267383,0.058980701,0.132811808,2.174955945,1.334869809,0.373440238,0.107471657,0.451016794,31,NA,11,NA,9,NA,NA,5,NA,18,2,10,27,2,5,24,NA,7,6,51,NA,NA,NA,6,0.044570965,NA,0.365967248,0.78542347,0.082725235,0.047209604
23-18f,SV-N-06,5,N,alate,0.305301635,0.120487392,0.12811184,NA,NA,1.839169391,NA,0.049467729,0.059204608,0.13095295,2.081768563,1.270427189,0.364015103,0.097793897,0.433670702,32,NA,9,NA,8,NA,NA,4,NA,16,2,12,23,2,6,24,NA,8,6,45,NA,NA,NA,NA,0.041909753,NA,0.352583064,0.745501447,0.07967543,0.049267549
25-19a,SV-N-07,5,N,alate,0.327152134,0.171349545,0.147336973,0.890032659,NA,1.816678756,NA,0.053966807,0.069621516,0.13470355,2.286087893,1.303920275,0.421751081,0.109330217,0.508700058,27,NA,13,NA,12,NA,NA,4,NA,15,2,9,27,2,6,24,NA,6,7,50,NA,NA,NA,NA,0.057504637,NA,NA,0.767040018,0.079253482,0.041877019
25-19b,SV-N-08,5,N,alate,0.328901806,0.16526558,0.163201934,1.040606774,NA,1.899597007,NA,0.061092484,0.076532311,0.12838435,2.341517227,1.394757937,0.423089424,0.113268104,0.500282491,27,NA,13,NA,13,NA,NA,4,NA,15,2,12,27,2,5,27,NA,8,6,47,NA,NA,NA,6,0.055578302,NA,0.401046416,0.849661758,0.086559228,0.055019487
25-19c,SV-N-09,5,N,alate,0.32243307,0.155465106,0.15201888,0.901448481,NA,1.763189329,NA,0.056035356,0.072673878,0.1384738,2.329108282,1.464343813,0.415343367,0.109203651,0.502543093,32,NA,13,NA,13,NA,NA,5,NA,17,2,11,26,2,6,26,NA,8,6,46,NA,NA,NA,6,0.05395183,NA,0.388275468,0.845921407,0.085829456,0.058507558
25-19d,SV-N-10,5,N,alate,0.341131344,0.160625999,0.152967316,0.884495098,NA,NA,NA,0.059508579,0.0624618,0.13942258,2.212374125,1.389751874,0.42840228,0.115118146,0.520136911,30,NA,12,NA,13,NA,NA,4,NA,17,2,12,26,2,5,26,NA,8,6,49,NA,NA,NA,NA,0.057582153,NA,NA,0.810576896,0.080994195,0.041450783
25-19e,SV-N-11,5,N,alate,0.29925069,0.158304821,0.15609734,0.931586358,NA,1.798968959,NA,0.056494551,0.067493232,0.138985072,2.337805685,1.437872561,0.408491252,0.112263108,0.493787819,25,NA,14,NA,12,NA,NA,5,NA,18,2,8,22,2,6,29,NA,8,6,46,NA,NA,NA,6,0.045793553,NA,0.4144569,0.830210443,0.087071044,0.051794115
25-19f,SV-N-12,5,N,alate,0.309006815,0.157158387,0.142207811,0.82864551,NA,1.768438122,NA,0.052343127,0.064255497,0.150255524,2.26042883,1.537286997,0.39150134,0.103480947,0.485539135,29,NA,13,NA,11,NA,NA,4,NA,16,2,8,25,2,5,25,NA,6,6,47,NA,NA,NA,6,0.051519438,NA,0.326675577,0.842093109,0.087107318,0.061974835
25-21a,SV-N-13,5,N,alate,0.30131037,0.1424968,0.17382732,0.93396314,NA,1.6946368,NA,0.04772248,0.06483607,0.14095717,2.23014147,1.3448377,0.43181603,0.12045519,0.50468339,26,NA,9,NA,11,NA,NA,6,NA,19,2,13,29,2,5,28,NA,8,6,50,NA,NA,NA,5,0.0479337,NA,0.34286621,0.75687443,0.08278456,0.04905219
25-21b,SV-N-14,5,N,alate,0.323439941,0.182567403,0.17548497,NA,NA,2.148024731,NA,0.053885775,0.081712708,0.173120697,2.373895917,1.470345522,0.433327986,0.12582944,0.528534119,30,NA,13,NA,15,NA,NA,5,NA,19,2,12,32,2,5,23,NA,7,6,45,NA,NA,NA,5,0.048424564,NA,NA,0.909233675,0.078834349,0.038035218
"F+H: 5791b; C, IL",Frison + Hottes: 5791b,5,NA,alate,0.249050892,0.131929027,0.111704727,0.78529884,NA,1.596520861,NA,0.038986471,0.048922593,0.117048026,2.159403345,1.346094925,0.299350583,0.095989283,0.338831255,22,NA,8,NA,7,NA,NA,3,NA,14,2,8,25,2,6,18,NA,8,6,35,NA,NA,NA,5,0.039375722,NA,0.340876766,0.663658269,0.079877119,NA
"F+H: 5791c; C, IL",Frison + Hottes: 5791c,5,NA,alate,0.292018157,0.107571146,0.108994156,0.780677166,NA,1.588279621,NA,0.028089132,0.037598625,0.116592937,2.060957885,1.294011145,0.341645992,0.099298925,0.40487311,32,NA,7,NA,9,NA,NA,4,NA,14,2,9,21,2,NA,21,NA,7,6,46,NA,NA,NA,NA,0.044818266,NA,0.365762367,0.719400384,NA,NA
"F+H: 5791d; C, IL",Frison + Hottes: 5791d,5,NA,alate,0.2414325,0.13160049,0.07200491,0.80336452,NA,1.53624525,NA,0.04057024,0.04633266,0.11800168,2.12886565,1.35182103,0.35468351,0.09944087,0.2712377,25,NA,10,NA,10,NA,NA,4,NA,13,2,9,25,2,5,20,NA,7,6,35,NA,NA,NA,6,0.06041027,NA,0.368883547,0.66320716,0.080795218,NA
"F+H: 5791e; C, IL",Frison + Hottes: 5791e,5,NA,alate,0.280434782,0.146577783,0.140848445,0.773423222,NA,1.620742956,NA,0.04267886,0.047382781,0.122747232,2.143733423,1.36027448,0.321343842,0.097568286,0.369672807,19,NA,9,NA,9,NA,NA,5,NA,13,2,7,24,2,6,18,NA,8,5,36,NA,NA,NA,5,0.043241194,NA,0.335206111,0.71667585,0.082430317,NA
"F+H: 5791f; C, IL",Frison + Hottes: 5791f,5,NA,alate,0.246997798,0.143675175,0.130605527,0.73584138,NA,1.372401908,NA,0.040312087,0.048528125,0.116760195,2.078383751,1.362908988,0.304356,0.09792991,0.362096924,23,NA,11,NA,10,NA,NA,2,NA,13,2,8,24,2,NA,17,NA,7,6,36,NA,NA,NA,NA,0.051561344,NA,NA,0.650553264,NA,NA
"F+H: 5792a; C, IL",Frison + Hottes: 5792a,5,NA,alate,0.266075532,0.134908997,0.131878993,0.766108529,NA,1.561120116,NA,0.035901072,0.049598172,0.114347593,2.207779993,1.492874028,0.352316336,0.11071476,0.40141031,24,NA,10,NA,10,NA,NA,5,NA,14,2,9,22,2,6,19,NA,8,6,31,NA,NA,NA,6,0.048938805,NA,0.357496751,0.741406127,0.080151865,NA
"F+H: 5792c; C, IL",Frison + Hottes: 5792c,5,NA,alate,0.244161206,0.132974431,0.126202235,0.746405504,NA,1.586302217,NA,0.036230508,0.050165086,0.120051219,1.969374117,1.391341654,0.330442086,0.099005638,0.380822458,20,NA,11,NA,10,NA,NA,3,NA,11,2,7,24,2,5,17,NA,8,6,33,NA,NA,NA,6,0.045983757,NA,NA,0.671347464,0.071225266,NA
"F+H: 5792d; C, IL",Frison + Hottes: 5792d,5,NA,alate,0.261811927,0.111808929,0.105653205,0.574097412,NA,1.390234024,NA,0.03575063,0.050493938,0.117382718,2.169761409,1.280651159,0.296757339,0.098785648,0.344233214,27,NA,10,NA,8,NA,NA,3,NA,15,2,6,21,2,5,17,NA,8,6,41,NA,NA,NA,6,0.04259807,NA,NA,0.66474227,NA,NA
"F+H: 5792e; C, IL",Frison + Hottes: 5792e,5,NA,alate,0.292871931,0.115166907,0.12755305,0.712897919,NA,1.496967259,NA,NA,NA,0.126541478,2.335557726,1.429793445,0.382147045,0.11437145,0.437342257,25,NA,9,NA,11,NA,NA,4,NA,13,2,NA,17,2,5,26,NA,8,6,42,NA,NA,NA,6,0.048446248,NA,0.357996067,0.745900239,0.071387612,NA
"F+H: 5792g; C, IL",Frison + Hottes: 5792g,5,NA,alate,0.247258363,0.131309204,0.127566617,0.646439915,NA,1.537796927,NA,0.04097417,0.05172759,0.122340271,2.05225469,1.34650588,0.20316363,0.10119982,0.29750283,22,NA,9,NA,9,NA,NA,4,NA,13,2,8,26,2,4,19,NA,8,6,34,NA,NA,NA,6,0.040124307,NA,0.31774208,0.693409875,0.081855162,NA
"F+H: 5792h; C, IL",Frison + Hottes: 5792h,5,NA,alate,0.249467676,0.122511447,0.091191896,0.760676298,NA,1.57488554,NA,0.036824703,0.046117226,0.122796565,2.071565459,1.309251298,0.260644105,0.090211857,0.319076244,20,NA,10,NA,10,NA,NA,4,NA,12,2,NA,22,2,6,16,NA,6,6,35,NA,NA,NA,5,0.057942915,NA,0.34296712,0.642641654,0.087219662,NA
Lectotype: H. papyracea,Oestlund-Hormaphis papyracea-Lectotype Slide ★,5,NA,alate,0.270914756,0.131083609,0.136256982,0.713037151,NA,1.569057559,NA,0.039192628,0.051686408,0.112853594,1.915075113,1.161750839,0.351999985,0.106114263,0.402776332,23,NA,10,NA,9,NA,NA,5,NA,16,2,8,22,2,6,21,NA,9,6,34,NA,NA,NA,5,0.048161652,NA,NA,0.651825003,0.07506285,NA
"O: H. papyracea - 1; M, MN",Oestlund-Hormaphis papyracea-2046-1,5,NA,alate,0.267393914,0.159896592,0.134325483,0.70101942,NA,1.530659314,NA,0.03277778,0.051170266,0.122884396,2.017553548,1.229877097,0.375481818,0.108936916,0.431222835,22,NA,11,NA,10,NA,NA,2,NA,15,2,7,26,NA,6,21,NA,7,6,35,NA,NA,NA,5,0.039594769,NA,NA,0.800523873,0.070336913,NA
"O: H. papyracea - 2; M, MN",Oestlund-Hormaphis papyracea-2046-2,5,NA,alate,0.287657308,0.160463082,0.107433781,0.77621844,NA,1.534861927,NA,0.042095385,0.059179959,0.115649392,1.986464471,1.326656887,0.368082902,0.099456318,0.4505565,27,NA,11,NA,9,NA,NA,4,NA,18,2,7,22,2,6,26,NA,7,6,38,NA,NA,NA,6,0.051132958,NA,NA,0.786366297,0.080509507,NA
"O: H. papyracea - 3; M, MN",Oestlund-Hormaphis papyracea-2046-3,5,NA,alate,0.312493845,0.164606488,0.139123447,0.704514735,NA,1.376126274,NA,0.047215096,0.054631787,0.129428989,1.875743646,1.222716194,0.358842157,0.106960977,0.418686871,24,NA,11,NA,10,NA,NA,4,NA,14,2,7,23,2,6,27,NA,8,6,39,NA,NA,NA,6,0.044909793,NA,0.365106132,0.747080271,0.065948178,NA
"O: H. papyracea - 4; M, MN",Oestlund-Hormaphis papyracea-2046-4,5,NA,alate,0.284348351,0.158834451,0.132462819,0.760676298,NA,1.461734274,NA,0.036230508,0.051170266,0.139053611,2.060957885,1.294011145,0.357830049,0.105676354,0.416223678,28,NA,11,NA,10,NA,NA,3,NA,16,2,7,26,2,6,27,NA,7,5,39,NA,NA,NA,6,0.045660739,NA,0.317734613,0.780591743,0.056152383,NA
"O: H. papyracea - 5; M, MN",Oestlund-Hormaphis papyracea-2046-5,5,NA,alate,0.282079009,0.155575737,0.143228733,0.687129064,NA,1.706389022,NA,0.043680101,0.05763312,0.126393203,2.065978651,1.310756806,0.371444251,0.098743382,0.453961847,23,NA,12,NA,11,NA,NA,3,NA,13,2,7,24,2,6,29,NA,8,6,50,NA,NA,NA,6,0.039646708,NA,0.308539077,0.801660899,0.081526802,NA
"O: H. papyracea - 6; M, MN",Oestlund-Hormaphis papyracea-2046-6,5,NA,alate,0.311148669,0.147417437,0.126676659,0.763019021,NA,1.564370033,NA,0.041056048,0.052164439,0.124240776,2.024614164,1.321883689,0.378485374,0.105081372,0.435088395,16,NA,11,NA,13,NA,NA,3,NA,15,2,6,25,2,7,25,NA,8,5,46,NA,NA,NA,6,0.043712287,NA,0.36254834,0.859745004,0.081069583,NA
"O: H. papyracea - 7; M, MN",Oestlund-Hormaphis papyracea-2046-7,5,NA,alate,0.267061873,0.141794948,0.137823989,0.699657339,NA,1.599665738,NA,0.031532283,0.052756711,0.113825157,1.97319381,NA,0.388913093,0.089147026,0.451253896,28,NA,11,NA,11,NA,NA,4,NA,16,2,7,24,NA,6,27,NA,8,6,48,NA,NA,NA,6,0.0427448,NA,0.325988095,0.856946336,0.072825008,NA
"O: H. papyracea - 8; M, MN",Oestlund-Hormaphis papyracea-3775-8,5,NA,alate,0.25254318,0.14336062,0.115826528,0.625497078,NA,1.623605351,NA,0.031504336,0.053493328,0.109990457,1.717904665,1.235393936,0.342158532,0.094957251,0.392999332,26,NA,13,NA,10,NA,NA,5,NA,13,2,6,25,2,5,22,NA,9,6,42,NA,NA,NA,5,0.040328022,NA,0.379453111,0.738157013,0.066481451,NA
"O: H. papyracea - 9; M, MN",Oestlund-Hormaphis papyracea-3775-9,5,NA,alate,0.290955826,0.155205991,0.141309492,0.64702409,NA,1.798284371,NA,0.04679011,0.061787261,0.102387802,2.061172834,1.213452868,0.369080354,0.103385972,0.437638406,28,NA,14,NA,10,NA,NA,3,NA,15,2,11,24,2,6,31,NA,7,6,47,NA,NA,NA,6,0.045495723,NA,0.358614998,0.749703546,0.075724831,NA
"O: H. papyracea A-17; M, MN",Oestlund-Hormaphis papyracea-2046-A-17,5,NA,alate,0.28069393,0.133952517,0.151826661,0.802546036,NA,1.711747088,NA,0.036819195,0.052337033,0.130541676,2.017553548,1.322417991,0.352278813,0.103373286,0.459348959,24,NA,11,NA,10,NA,NA,4,NA,15,2,6,28,2,6,25,NA,8,5,48,NA,NA,NA,6,0.045109271,NA,NA,0.843312882,0.069420568,NA
"O: H. papyracea A-22; M, MN",Oestlund-Hormaphis papyracea-2046-A-22,5,NA,alate,0.274501513,0.163033306,0.147529103,0.744722514,NA,1.602992339,NA,0.040814635,0.054106042,0.126866801,1.898971529,1.233113738,0.35285301,0.105992083,0.407158179,25,NA,13,NA,8,NA,NA,3,NA,13,2,5,25,2,6,24,NA,7,5,42,NA,NA,NA,6,0.044399468,NA,0.358304903,0.985222106,0.070165057,NA
"CvD: bls1; BH, MD",bls1,5,NA,alate,0.244476561,0.150544235,0.14452107,0.666534213,NA,1.532884,NA,0.039863027,0.06040296,0.144029932,2.055932753,1.181697914,0.376675261,0.104579425,0.444920748,24,NA,15,NA,11,NA,NA,4,NA,14,2,7,24,2,5,18,NA,4,6,30,NA,NA,NA,4,0.045452164,NA,0.393677979,0.889839328,0.076358058,NA
"CvD: bls2; BH, MD",bls2,5,NA,alate,0.317437876,0.167047153,0.172365122,0.92224719,NA,1.52368808,NA,0.041852518,0.059674523,0.160696537,2.30436334,1.414000202,0.40311553,0.108964085,0.479007072,22,NA,11,NA,12,NA,NA,4,NA,16,2,11,23,2,6,22,NA,3,5,38,NA,NA,NA,5,0.055996978,NA,0.376642929,0.860521732,0.081007509,NA
"CvD: bls3; BH, MD",bls3,5,NA,alate,0.309532919,0.15392724,0.173282991,0.989707613,NA,1.825765981,NA,0.048440637,0.057634512,0.146765638,2.272920712,1.359013368,0.379745634,0.104953253,0.444710132,24,NA,8,NA,11,NA,NA,4,NA,14,2,6,25,2,4,22,NA,4,5,33,NA,NA,NA,4,0.047933578,NA,0.368790211,0.860521732,0.073804896,NA
"CvD: bls4-a; BH, MD",bls4-a,5,NA,alate,0.258131447,0.134516828,0.145638396,0.878082798,NA,1.800462191,NA,0.046745271,0.057701599,0.160696537,2.168770251,1.192381509,0.376785293,0.104775738,0.429701692,22,NA,9,NA,11,NA,NA,3,NA,15,2,7,25,2,5,20,NA,3,5,33,NA,NA,NA,3,0.038698913,NA,0.38184061,0.607502252,0.074752051,NA
"CvD: bls4-b; BH, MD",bls4-b,5,NA,alate,0.292019977,0.131722092,0.150956144,0.871871418,NA,1.793755911,NA,0.038319028,0.05607701,0.15749671,2.167269596,1.331738987,0.372747906,0.104047338,0.424417278,22,NA,10,NA,12,NA,NA,3,NA,15,2,9,22,2,NA,22,NA,4,5,39,NA,NA,NA,6,0.042606289,NA,0.378487278,0.906375582,0.07389053,NA
"CvD: bls4-c; BH, MD",bls4-c,5,NA,alate,0.278291851,0.140137955,0.159359,0.832305321,NA,1.806974184,NA,0.036425878,0.060711641,0.141619947,2.224770099,1.369807672,0.391626281,0.103825449,0.439187687,23,NA,10,NA,13,NA,NA,5,NA,17,2,8,26,2,4,23,NA,4,6,39,NA,NA,NA,4,0.040907334,NA,0.396079641,0.860521732,0.075582796,NA
"CvD: bls4-d; BH, MD",bls4-d,5,NA,alate,0.280732085,0.123196761,0.15768314,0.857906436,NA,1.889142192,NA,0.049250082,0.056115,0.152506532,2.199968863,1.36891164,0.396247478,0.103291797,0.443420445,26,NA,10,NA,12,NA,NA,4,NA,14,2,7,28,2,4,26,NA,3,6,39,NA,NA,NA,4,0.042998391,NA,0.350924519,0.850477546,0.075588499,NA
"CvD: bls4-e; BH, MD",bls4-e,5,NA,alate,0.274206822,0.123415848,0.143146823,0.846787329,NA,1.598227894,NA,0.042074257,0.060011571,0.139954041,2.194745438,1.353680115,0.38839794,0.111678882,0.443719902,24,NA,10,NA,9,NA,NA,4,NA,14,2,9,24,3,NA,18,NA,NA,6,34,NA,NA,NA,4,0.044409758,NA,0.37398752,0.797003897,0.070827796,NA
"CvD: bls5a; BH, MD",bls5a,5,NA,alate,0.270863451,0.130181378,0.163965349,0.864022445,NA,1.899362689,NA,0.044983954,0.068403643,0.122747232,2.208663189,1.265911642,0.387787914,0.096964546,0.423987571,23,NA,10,NA,13,NA,NA,4,NA,14,2,9,27,NA,5,19,NA,NA,5,32,NA,NA,NA,4,0.038370038,NA,0.397242186,0.801649691,0.077513104,NA
"CvD: bls5b; BH, MD",bls5b,5,NA,alate,0.239803521,0.142583051,0.145368071,0.895998893,NA,1.646139105,NA,0.046493471,0.051840608,0.155212956,2.165021926,1.341579678,0.362822179,0.100904363,0.417543099,20,NA,10,NA,10,NA,NA,3,NA,14,2,9,23,2,5,21,NA,3,6,30,NA,NA,NA,4,0.03465763,NA,0.358708205,0.806052653,0.078601943,NA
"CvD: bls6a; BH, MD",bls6a,5,NA,alate,0.309452954,0.168814464,0.1574478,0.901108965,NA,1.889733778,NA,0.05697743,0.06050258,0.146647534,2.139637694,1.461387923,0.405698323,0.108885011,0.464059704,28,NA,12,NA,10,NA,NA,3,NA,14,2,9,19,2,5,16,NA,4,6,36,NA,NA,NA,4,0.045860871,NA,0.375059635,0.894724381,0.07736609,NA
"CvD: bls6b; BH, MD",bls6b,5,NA,alate,0.249621138,0.139786413,0.147065728,0.875853732,NA,1.727080028,NA,0.046300281,0.06187428,0.149159976,2.147043009,1.145231975,0.281306255,0.092994101,0.309847913,22,NA,11,NA,12,NA,NA,3,NA,16,2,9,24,2,6,25,NA,3,5,33,NA,NA,NA,6,0.03920556,NA,0.392223643,0.807919476,0.080197123,NA
"CvD: bls6c; BH, MD",bls6c,5,NA,alate,0.277243269,0.134255661,0.138665655,0.813253943,NA,1.913610484,NA,0.039187587,0.052704068,0.160347444,2.088513803,1.298439731,0.286387247,0.089017621,0.303256042,23,NA,10,NA,10,NA,NA,3,NA,16,2,7,27,2,4,17,NA,3,5,33,NA,NA,NA,6,0.039648315,NA,0.399664952,0.849947738,0.072677153,NA
"CvD: bls6d; BH, MD",bls6d,5,NA,alate,0.261959635,0.155959833,0.153384378,0.779813804,NA,1.726031105,NA,0.043710127,0.056388426,0.123073773,2.115539437,1.261947565,0.376006299,0.10639887,0.421322246,25,NA,12,NA,12,NA,NA,4,NA,15,2,9,25,2,4,22,NA,5,6,35,NA,NA,NA,6,0.040545163,NA,0.38570302,0.831302796,0.074735273,NA
CvD: 134a; NH > ID,134a,5,NA,alate,0.206711037,0.097432113,0.095840637,0.777417718,NA,1.79330477,NA,0.024751846,0.043033677,0.139053611,1.863533654,1.146349083,0.317182593,0.087943272,0.375522572,19,NA,8,NA,8,NA,NA,3,NA,13,2,4,20,2,6,9,NA,7,6,26,NA,NA,NA,6,0.037330329,NA,NA,0.744435869,0.04028109,NA
CvD: 134c; NH > ID,134c,5,NA,alate,0.215065376,0.099224503,0.107787802,NA,NA,NA,NA,NA,NA,0.13469247,1.9488105,1.196116364,0.337433572,0.083672112,0.413609039,23,NA,9,NA,8,NA,NA,4,NA,14,2,6,23,2,6,9,NA,8,5,29,NA,NA,NA,6,0.036391216,NA,0.285809751,NA,0.058913462,NA
CvD: 134d; NH > ID,134d,5,NA,alate,0.218875781,0.100882737,0.109621002,NA,NA,NA,NA,0.042361505,0.04717976,0.098408241,1.862128504,0.914054085,0.331251195,0.090987508,0.390619906,22,NA,8,NA,10,NA,NA,4,NA,14,2,6,24,2,5,10,NA,7,6,33,NA,NA,NA,6,0.035410606,NA,0.359979693,NA,0.055653769,NA
CvD: 135a; NH > ID,135a,5,NA,alate,0.218603987,0.1033604,0.113241524,NA,NA,NA,NA,0.040878975,0.046122678,0.146866237,NA,1.077384279,0.332986402,0.093502208,0.409696586,24,NA,10,NA,10,NA,NA,3,NA,15,2,7,20,2,6,16,NA,9,6,32,NA,NA,NA,6,0.037694772,NA,NA,NA,0.055131755,NA
CvD: 135c; NH > ID,135c,5,NA,alate,0.240749541,0.107167451,0.117884732,NA,NA,NA,NA,NA,NA,0.107065851,2.033410576,1.23028481,0.336146215,0.092870852,0.422015955,23,NA,9,NA,10,NA,NA,3,NA,16,2,11,23,2,7,12,NA,8,5,31,NA,NA,NA,NA,0.038445429,NA,0.406023627,NA,0.07037742,NA
CvD: 136c; NH > ID,136c,5,NA,alate,0.21367126,0.101086879,0.109091943,NA,NA,NA,NA,0.043595287,0.049594487,0.137543748,1.966358545,1.26541637,0.341608293,0.093380753,0.423320756,25,NA,10,NA,11,NA,NA,4,NA,17,2,8,23,2,5,13,NA,8,6,34,NA,NA,NA,6,0.035712129,NA,0.355816231,NA,0.05461425,NA
CvD: 136d; NH > ID,136d,5,NA,alate,0.231857319,0.08626069,0.111505787,NA,NA,NA,NA,0.035999819,0.047103773,0.15014566,1.955928028,1.337771321,0.349700558,0.086925257,0.415555396,22,NA,9,NA,11,NA,NA,3,NA,15,2,9,20,2,5,12,NA,8,6,33,NA,NA,NA,6,0.038882513,NA,0.359336461,0.754322301,0.057073245,NA
CvD: 137a; NH > ID,137a,5,NA,alate,0.241090051,0.108733541,0.122679267,NA,NA,NA,NA,0.036029838,0.051996908,0.138303406,1.887006674,1.194341882,0.346233156,0.084645171,0.421553462,25,NA,10,NA,10,NA,NA,4,NA,17,2,7,21,2,5,14,NA,8,6,33,NA,NA,NA,6,0.03937643,NA,0.296466115,2052.392687,0.062894098,NA
CvD: hni1/c; NH > ID,hni1/c,5,NA,alate,0.205064716,0.094053774,0.113390488,0.896556868,NA,1.902418207,NA,0.039863027,0.06040296,0.144029932,1.929734211,NA,0.336733035,0.081936305,0.406897791,22,NA,8,NA,11,NA,NA,4,NA,14,2,8,19,2,5,12,NA,7,6,30,NA,NA,NA,5,0.037595424,NA,NA,0.82726435,NA,NA
CvD: hni1/e; NH > ID,hni1/e,5,NA,alate,0.198442511,0.093362178,0.09629865,NA,NA,NA,NA,0.038557397,0.039336952,0.150300849,1.957866144,1.165393714,0.335069643,0.082784343,0.396002598,19,NA,11,NA,9,NA,NA,4,NA,14,2,6,20,2,6,13,NA,8,6,28,NA,NA,NA,5,0.033815902,NA,NA,0.879446512,NA,NA
CvD: hni1/f; NH > ID,hni1/f,5,NA,alate,0.213189935,0.091334348,0.113982884,NA,NA,NA,NA,NA,NA,0.139043861,1.87959714,NA,0.322811532,0.092681867,0.391388486,29,NA,10,NA,13,NA,NA,3,NA,15,2,10,20,2,5,12,NA,7,6,29,NA,NA,NA,NA,0.040213976,NA,NA,NA,NA,NA
CvD: hni1/g; NH > ID,hni1/g,5,NA,alate,0.211771015,0.096960714,0.098260928,NA,NA,NA,NA,0.038201278,0.044070434,0.151396193,NA,NA,0.33362106,0.089609485,0.400905981,25,NA,9,NA,8,NA,NA,4,NA,16,2,6,18,2,5,16,NA,8,6,30,NA,NA,NA,6,0.038488747,NA,NA,NA,0.057872492,NA
CvD: hni1/h; NH > ID,hni1/h,5,NA,alate,0.234987678,0.101094309,0.110751299,NA,NA,NA,NA,0.04930491,0.049645518,0.143616211,NA,NA,NA,NA,NA,25,NA,8,NA,9,NA,NA,5,NA,16,2,6,15,2,NA,NA,NA,8,6,33,NA,NA,NA,6,0.047613445,NA,NA,NA,0.071269569,NA
CvD: hni1/i; NH > ID,hni1/i,5,NA,alate,0.215452366,0.107073103,0.108920516,NA,NA,NA,NA,0.034680182,0.050080394,0.121138322,1.918055256,1.13097934,0.32282884,0.079373226,0.403465801,24,NA,11,NA,10,NA,NA,5,NA,14,2,8,20,2,5,12,NA,7,6,30,NA,NA,NA,6,0.041518223,NA,NA,NA,NA,NA
CvD: hni2/a; NH > ID,hni2/a,5,NA,alate,0.220287845,0.095955125,0.093749447,0.861887898,NA,NA,NA,NA,NA,0.118273453,1.897017221,1.215756803,0.358684228,0.097158074,0.377684882,24,NA,9,NA,9,NA,NA,3,NA,14,2,6,23,2,5,14,NA,6,6,30,NA,NA,NA,6,0.041057564,NA,NA,NA,NA,NA
CvD: hni2/b; NH > ID,hni2/b,5,NA,alate,0.208244186,0.093338223,0.10121125,NA,NA,NA,NA,0.041355728,0.047538348,0.129607821,1.89705369,1.131238951,0.328972498,0.084531662,0.389647247,21,NA,9,NA,8,NA,NA,5,NA,14,2,6,19,2,5,14,NA,6,6,29,NA,NA,NA,6,0.03619346,NA,0.360877145,NA,0.066997181,NA
CvD: hni2/c; NH > ID,hni2/c,5,NA,alate,0.207813461,0.091896999,0.09391687,NA,NA,NA,NA,0.033507501,0.044717176,0.138147153,1.940096447,NA,0.318559368,0.0845822,0.404090893,20,NA,9,NA,6,NA,NA,5,NA,14,2,6,17,2,5,10,NA,8,6,31,NA,NA,NA,6,0.035333156,NA,0.331201608,NA,0.064407366,NA
CvD: hni2/d; NH > ID,hni2/d,5,NA,alate,0.216973678,0.095958331,0.106066932,NA,NA,NA,NA,NA,NA,0.150353116,1.965068449,1.167897647,0.331389504,0.090949893,0.413331884,21,NA,11,NA,8,NA,NA,5,NA,NA,NA,NA,NA,2,5,14,NA,8,6,30,NA,NA,NA,6,0.040189172,NA,0.339139443,NA,0.059924104,NA
23-04,V-H-15,5,H,aptera,0.047874062,0.043988877,0.078728943,NA,NA,1.168188774,1.202344684,0.066691561,0.046948255,NA,NA,NA,0.286651935,0.073941347,0.293318392,NA,NA,NA,NA,NA,1,5,5,12,12,2,9,15,NA,5,8,2,6,6,14,2,5,2,6,0.046051304,NA,0.333511362,NA,0.076073946,0.04756735
23-05a,V-H-05,5,H,aptera,0.035568952,0.023305958,0.068283586,NA,NA,1.564479249,1.148646144,0.04136993,0.064663253,NA,NA,NA,0.251426727,0.067676889,0.258342709,NA,NA,NA,NA,NA,1,5,4,10,13,2,7,15,NA,5,8,1,6,5,17,1,NA,2,4,0.035860174,NA,0.334641152,NA,0.063354151,0.041426064
23-05b,V-H-06,5,H,aptera,0.041380829,0.020698796,0.066879415,NA,NA,1.45750238,0.957488939,0.040706489,0.060808513,NA,NA,NA,0.274292486,0.069224662,0.27257963,NA,NA,NA,NA,NA,1,4,4,11,15,2,8,16,NA,5,8,2,7,6,19,2,NA,2,6,0.043183231,NA,0.312573963,NA,0.064312484,0.036774436
23-05c,V-H-07,5,H,aptera,0.058826106,0.034568129,0.079580774,NA,NA,1.382457577,0.996236891,0.041131604,0.061144362,NA,NA,NA,0.300719869,0.076072412,0.302659228,NA,NA,NA,NA,NA,1,4,5,13,14,2,8,16,NA,5,12,2,7,6,18,2,6,2,6,0.041927082,NA,0.326983864,NA,0.073769276,0.050206895
23-05d,V-H-08,5,H,aptera,0.038590085,0.033121128,0.070760362,NA,NA,1.579784612,1.145837187,0.038722229,0.049135578,NA,NA,NA,0.304015909,0.07348298,0.321149179,NA,NA,NA,NA,NA,1,5,5,11,12,2,6,16,NA,5,8,2,7,6,17,2,NA,2,6,0.042703183,NA,0.282387741,NA,0.074459471,0.051106422
23-05e,V-H-09,5,H,aptera,0.046485314,0.027707079,0.075859988,NA,NA,1.564662432,1.056769464,0.042560751,0.060007233,NA,NA,NA,0.291851543,0.072112213,0.307588874,NA,NA,NA,NA,NA,1,5,3,13,14,2,8,17,NA,6,10,1,6,5,16,2,6,2,4,0.045382609,NA,0.259753847,NA,0.06789643,0.036909343
23-05f,V-H-10,5,H,aptera,0.045446809,0.034287734,0.074979006,NA,NA,1.612264514,1.156647168,0.037181565,0.066620917,NA,NA,NA,0.284527293,0.069853166,0.316961951,NA,NA,NA,NA,NA,1,4,4,10,12,2,8,16,NA,4,9,2,6,6,14,2,6,1,5,0.042420149,NA,0.318225876,NA,0.069851213,0.035637795
23-10a,V-H-11,5,H,aptera,0.05007659,0.038924513,0.079396697,NA,NA,1.152980639,0.867006406,0.059724996,0.041303362,NA,NA,NA,0.280684956,0.077163888,0.294276488,NA,NA,NA,NA,NA,1,5,4,9,14,2,8,11,NA,5,9,2,6,6,19,2,NA,2,6,0.040676504,NA,0.290613768,NA,0.069695514,0.043359389
23-10b,V-H-12,5,H,aptera,0.053491927,0.045192874,0.075733267,NA,NA,1.375943061,0.931357963,0.059293057,0.057836173,NA,NA,NA,0.278720728,0.080140221,0.297370605,NA,NA,NA,NA,NA,1,5,4,12,13,2,9,13,NA,5,8,1,7,6,18,2,NA,2,6,0.042792607,NA,0.301462922,NA,0.067960938,0.053208104
23-10c,V-H-13,5,H,aptera,0.043597972,0.043205998,0.074345029,NA,NA,1.504394162,0.971467106,0.064592821,0.048764152,NA,NA,NA,0.30814198,0.079190634,0.30563572,NA,NA,NA,NA,NA,1,5,5,15,14,2,6,18,NA,5,12,2,8,6,16,2,NA,2,4,0.03907382,NA,NA,NA,0.073194482,0.037203437
23-10d,V-H-14,5,H,aptera,0.048326443,0.041506788,0.078392033,NA,NA,1.538034465,1.032475963,0.058953547,0.04503816,NA,NA,NA,0.280293027,0.077160019,0.299023516,NA,NA,NA,NA,NA,1,5,5,11,12,2,8,16,NA,5,13,2,6,6,19,2,NA,1,5,0.044171835,NA,0.311184218,NA,0.075856912,0.037141294
23-12a,V-H-01,5,H,aptera,0.05017901,0.040356556,0.079017853,NA,NA,1.628376439,1.097303109,0.051324233,0.06000887,NA,NA,NA,0.290699125,0.088554172,0.311801358,NA,NA,NA,NA,NA,1,5,4,12,10,2,9,11,NA,6,9,1,6,5,19,2,NA,2,3,0.041531785,NA,0.248932793,NA,0.07084831,0.046982199
23-12b,V-H-02,5,H,aptera,0.047925955,0.048823499,0.085377404,NA,NA,1.49746362,0.928088289,0.030919091,0.052781542,NA,NA,NA,0.27906819,0.072190622,0.318324558,NA,NA,NA,NA,NA,1,5,5,12,11,2,7,12,NA,5,10,1,5,5,22,2,6,2,5,0.043822071,NA,0.320566716,NA,0.06200852,0.037655008
23-12c,V-H-03,5,H,aptera,0.039216011,0.038265667,0.068248539,NA,NA,1.256685775,0.793649958,NA,NA,NA,NA,NA,0.263926288,0.077775936,0.264300248,NA,NA,NA,NA,NA,1,5,4,11,15,2,4,13,NA,4,8,NA,5,4,18,2,NA,2,4,0.041676232,NA,0.264372268,NA,0.066676295,0.038190375
23-12d,V-H-04,5,H,aptera,0.037369128,0.031561238,0.069549784,NA,NA,1.206665827,0.679907219,0.037719292,0.056572313,NA,NA,NA,0.271548743,0.070992391,0.296326212,NA,NA,NA,NA,NA,1,5,4,11,13,2,9,13,NA,4,14,1,5,5,22,2,NA,2,3,0.036897968,NA,0.247708947,NA,0.066056707,0.043073618
99-57a,V-L-01,5,L,aptera,0.060021645,0.056187541,0.098294947,NA,NA,1.725715284,1.167264163,0.054883359,0.072284797,NA,NA,NA,0.342707718,0.09515813,0.348594419,NA,NA,NA,NA,NA,1,5,3,10,16,2,8,15,NA,4,19,1,6,6,24,1,6,3,4,0.068380261,NA,0.42716,NA,0.08315762,0.043963809
99-57b,V-L-02,5,L,aptera,0.085942256,0.081056423,0.109208988,NA,NA,1.651731464,1.136194396,0.045826591,0.062179077,NA,NA,NA,0.252407492,0.080906314,0.250004821,NA,NA,NA,NA,NA,1,5,4,13,12,2,9,18,NA,5,11,1,6,6,26,1,5,2,2,0.056903787,NA,0.346071924,NA,0.08833205,0.046322167
99-57c,V-L-03,5,L,aptera,0.067138169,0.058659972,0.104961713,NA,NA,1.802222955,1.245376919,0.046284908,0.066589693,NA,NA,NA,0.356006759,0.093055643,0.349860859,NA,NA,NA,NA,NA,1,5,3,11,14,2,8,22,NA,3,20,1,5,6,29,2,NA,2,4,0.055707948,NA,0.357562962,NA,0.088595513,0.04317149
99-57d,V-L-04,5,L,aptera,0.065931357,0.059701258,0.097426004,NA,NA,1.936666789,1.104901459,0.033128614,0.049856305,NA,NA,NA,0.338395126,0.092400276,0.332493845,NA,NA,NA,NA,NA,1,5,3,9,16,2,7,19,NA,5,19,1,5,6,24,1,NA,2,5,0.05324042,NA,0.395934329,NA,0.082767926,0.046028892
99-57e,V-L-05,5,L,aptera,0.050961791,0.052766615,0.089298895,NA,NA,1.797573388,1.127660668,0.052116468,0.067480361,NA,NA,NA,0.317902158,0.079804547,0.332704873,NA,NA,NA,NA,NA,1,5,5,12,13,2,8,16,NA,3,18,1,7,6,24,2,6,2,4,0.049471317,NA,0.390368044,NA,0.090467789,0.044341096
99-57f,V-L-06,5,L,aptera,0.043181816,0.056133203,0.072223112,NA,NA,1.57346854,1.094411405,0.049311914,0.062498155,NA,NA,NA,0.306355187,0.083839153,0.312290606,NA,NA,NA,NA,NA,1,5,5,7,13,2,8,19,NA,4,13,2,7,6,26,2,6,2,5,0.052697764,NA,0.362476323,NA,0.078846907,0.042314879
99-57g,V-L-07,5,L,aptera,0.070493267,0.07099455,0.110349908,NA,NA,1.705591484,1.132895368,0.077192742,0.046783436,NA,NA,NA,0.341495513,0.098836779,0.347479126,NA,NA,NA,NA,NA,1,5,5,9,12,2,11,18,NA,5,16,2,7,4,25,2,5,2,4,0.051513964,NA,0.316480305,NA,0.071987984,0.038781573
99-57h,V-L-08,5,L,aptera,0.057075058,0.056405829,0.082096692,NA,NA,1.664453398,1.069926783,0.041893004,0.057819157,NA,NA,NA,0.317264207,0.083877351,0.322946268,NA,NA,NA,NA,NA,1,5,4,7,13,2,10,21,NA,NA,20,1,8,6,25,2,5,2,4,0.052208496,NA,0.348695027,NA,0.083820534,0.051105482
99-57i,V-L-09,5,L,aptera,0.058205963,0.053182714,0.083302403,NA,NA,1.708609402,1.119383882,0.056182532,0.064962114,NA,NA,NA,0.33628633,0.09136162,0.336232401,NA,NA,NA,NA,NA,1,5,4,11,19,2,6,16,NA,5,17,1,7,5,27,2,NA,2,4,0.042052817,NA,0.331584681,NA,0.085473007,0.051123954
99-57j,V-L-10,5,L,aptera,0.063548921,0.059531772,0.098336936,NA,NA,1.732671918,1.145110222,0.045012907,0.065439309,NA,NA,NA,0.340638774,0.077449324,0.330157124,NA,NA,NA,NA,NA,1,5,4,12,18,2,9,19,NA,5,13,2,6,6,25,0,6,2,5,0.067027772,NA,0.376955591,NA,0.085972407,0.050358182
23-18a,V-N-01,5,N,aptera,0.05125198,0.047909568,0.090991633,NA,NA,1.569674996,1.066026451,0.069801985,0.056927135,NA,NA,NA,0.332208598,0.08799299,0.347453604,NA,NA,NA,NA,NA,1,5,4,12,17,2,9,19,NA,6,15,2,8,6,31,2,6,2,6,0.048909256,NA,NA,NA,0.094347251,0.043101882
23-18b,V-N-02,5,N,aptera,0.051831416,0.053091579,0.088522405,NA,NA,1.637235995,1.060510704,0.065231656,0.057405527,NA,NA,NA,0.314720717,0.0867696,0.33647615,NA,NA,NA,NA,NA,1,5,4,14,15,2,11,19,NA,6,14,1,8,6,32,2,6,2,6,0.049702569,NA,NA,NA,0.087835743,0.051374616
23-18c,V-N-03,5,N,aptera,0.059865495,0.048274388,0.095871517,NA,NA,1.436507495,1.032041841,0.06589292,0.063251212,NA,NA,NA,0.331763001,0.088766512,0.344272545,NA,NA,NA,NA,NA,1,5,5,15,17,2,12,18,NA,6,18,2,7,5,30,2,6,2,6,0.056969193,NA,NA,NA,0.089098284,0.055033008
23-18d,V-N-04,5,N,aptera,0.05199101,0.05318132,0.08742352,NA,NA,1.43297075,0.95731501,0.06200869,0.04102905,NA,NA,NA,0.29908909,0.0811594,0.31785843,NA,NA,NA,NA,NA,1,5,5,16,15,2,9,17,NA,6,16,2,8,6,23,1,6,2,5,0.0481428,NA,NA,NA,0.08488776,0.04897738
23-18e,V-N-05,5,N,aptera,0.06170899,0.04470772,0.08894937,NA,NA,1.23181211,0.89847492,0.0646974,0.04790313,NA,NA,NA,0.31604788,0.08649164,0.34326978,NA,NA,NA,NA,NA,1,5,3,16,15,2,7,22,NA,5,17,2,8,6,32,1,6,3,6,0.05236654,NA,0.379577,NA,0.09239024,0.05413585
23-18f,V-N-06,5,N,aptera,0.04017209,0.046763163,0.074401034,NA,NA,1.3112657,0.829748679,0.060527138,0.05124598,NA,NA,NA,0.314334763,0.082392979,0.329689466,NA,NA,NA,NA,NA,1,5,5,10,16,2,6,21,NA,6,15,3,8,6,28,1,6,2,6,0.052941022,NA,0.382265874,NA,0.090052785,0.057676927
23-18g,V-N-07,5,N,aptera,0.04177377,0.04776996,0.08709539,NA,NA,1.344191,0.80384444,0.06180434,0.05330765,NA,NA,NA,0.3032238,0.07897518,0.32374953,NA,NA,NA,NA,NA,1,5,5,12,14,2,8,18,NA,6,16,2,8,6,30,1,6,2,5,0.04657061,NA,0.38716188,NA,0.08113768,0.04911913
94-27a,V-N-08,5,N,aptera,0.049585019,0.036377493,0.081871608,NA,NA,1.708688327,1.202344684,0.057096275,0.05322434,NA,NA,NA,0.316291496,0.075693497,0.324116164,NA,NA,NA,NA,NA,1,5,5,15,13,2,9,16,NA,6,14,2,8,6,27,2,5,2,6,0.04517497,NA,NA,NA,0.08785067,0.042826341
94-27b,V-N-09,5,N,aptera,0.051799225,0.045190591,0.097962126,NA,NA,1.790484945,1.202344684,0.081700989,0.069548298,NA,NA,NA,0.327648197,0.073203734,0.341607824,NA,NA,NA,NA,NA,1,5,5,13,14,3,8,19,NA,6,17,1,8,6,31,1,NA,2,6,0.044579743,NA,0.317539785,NA,0.087885338,0.059848038
94-27c,V-N-10,5,N,aptera,0.05270647,0.03971188,0.09049156,NA,NA,NA,NA,0.07204274,0.05842067,NA,NA,NA,0.30961275,0.07775601,0.31963512,NA,NA,NA,NA,NA,NA,5,4,NA,14,2,10,18,NA,5,15,2,8,5,28,NA,NA,NA,6,0.04687981,NA,0.28567808,NA,0.07949869,0.05290676
94-27d,V-N-11,5,N,aptera,0.05689164,0.04431012,0.09343581,NA,NA,1.63127517,NA,NA,NA,NA,NA,NA,0.32404235,0.08032524,0.33688578,NA,NA,NA,NA,NA,1,5,4,11,13,2,9,15,NA,6,14,3,8,6,29,2,NA,2,NA,0.04458478,NA,NA,NA,0.08573859,0.04828075
94-27e,V-N-12,5,N,aptera,0.05026242,0.04240375,0.08423412,NA,NA,1.6274238,1.1420577,0.07981637,0.05765702,NA,NA,NA,0.30894743,0.07261422,0.28403394,NA,NA,NA,NA,NA,1,5,4,14,16,2,11,19,NA,5,14,2,8,6,19,2,NA,2,NA,0.05245091,NA,NA,NA,0.0764972,0.04904042
94-27f,V-N-13,5,N,aptera,0.051041392,0.04087562,0.091244444,NA,NA,1.707326836,1.295153194,0.073341409,0.057833384,NA,NA,NA,0.312498274,0.071275367,0.329477863,NA,NA,NA,NA,NA,1,5,5,NA,14,2,9,18,NA,6,16,NA,8,6,28,1,NA,2,6,0.045891358,NA,NA,NA,0.087216108,0.050779988
94-27g,V-N-14,5,N,aptera,0.049666311,0.044687565,0.097862861,NA,NA,1.781238592,1.286838469,0.085405427,0.068680144,NA,NA,NA,0.332256455,0.079399134,0.344241801,NA,NA,NA,NA,NA,1,5,5,13,15,3,10,17,NA,5,15,4,8,6,30,2,NA,2,5,0.044131855,NA,0.430275909,NA,0.08428101,0.070351572
94-27h,V-N-15,5,N,aptera,0.052230088,0.046060057,0.100923678,NA,NA,1.774942495,1.33239674,0.07975287,0.059680894,NA,NA,NA,0.32980652,0.078968177,0.338435016,NA,NA,NA,NA,NA,1,5,5,13,12,2,10,19,NA,5,17,3,7,6,32,2,NA,2,5,0.056442436,NA,NA,NA,0.08670472,0.043462201
94-27i,V-N-16,5,N,aptera,0.05360527,0.04790236,0.10291726,NA,NA,1.99119038,NA,0.08955989,0.06168705,NA,NA,NA,0.33868983,0.08029218,0.34906313,NA,NA,NA,NA,NA,1,5,5,14,15,3,10,23,NA,NA,14,2,7,6,33,1,NA,1,NA,0.04898807,NA,NA,NA,0.09231745,0.04672687
